index,host,quell_v,d_artagnan,musketiere,d1,d2,gap_pair
1,E,"(5, 7, 11, 13)",13,"(5, 7, 11)",2,4,"(2, 4)"
2,A,"(11, 13, 17, 19)",11,"(13, 17, 19)",4,2,"(4, 2)"
3,B,"(101, 103, 107, 109)",103,"(101, 107, 109)",6,2,"(6, 2)"
4,C,"(191, 193, 197, 199)",197,"(191, 193, 199)",2,6,"(2, 6)"
5,E,"(821, 823, 827, 829)",829,"(821, 823, 827)",2,4,"(2, 4)"
6,A,"(1481, 1483, 1487, 1489)",1481,"(1483, 1487, 1489)",4,2,"(4, 2)"
7,B,"(1871, 1873, 1877, 1879)",1873,"(1871, 1877, 1879)",6,2,"(6, 2)"
8,C,"(2081, 2083, 2087, 2089)",2087,"(2081, 2083, 2089)",2,6,"(2, 6)"
9,E,"(3251, 3253, 3257, 3259)",3259,"(3251, 3253, 3257)",2,4,"(2, 4)"
10,A,"(3461, 3463, 3467, 3469)",3461,"(3463, 3467, 3469)",4,2,"(4, 2)"
11,B,"(5651, 5653, 5657, 5659)",5653,"(5651, 5657, 5659)",6,2,"(6, 2)"
12,C,"(9431, 9433, 9437, 9439)",9437,"(9431, 9433, 9439)",2,6,"(2, 6)"
13,E,"(13001, 13003, 13007, 13009)",13009,"(13001, 13003, 13007)",2,4,"(2, 4)"
14,A,"(15641, 15643, 15647, 15649)",15641,"(15643, 15647, 15649)",4,2,"(4, 2)"
15,B,"(15731, 15733, 15737, 15739)",15733,"(15731, 15737, 15739)",6,2,"(6, 2)"
16,C,"(16061, 16063, 16067, 16069)",16067,"(16061, 16063, 16069)",2,6,"(2, 6)"
17,E,"(18041, 18043, 18047, 18049)",18049,"(18041, 18043, 18047)",2,4,"(2, 4)"
18,A,"(18911, 18913, 18917, 18919)",18911,"(18913, 18917, 18919)",4,2,"(4, 2)"
19,B,"(19421, 19423, 19427, 19429)",19423,"(19421, 19427, 19429)",6,2,"(6, 2)"
20,C,"(21011, 21013, 21017, 21019)",21017,"(21011, 21013, 21019)",2,6,"(2, 6)"
21,E,"(22271, 22273, 22277, 22279)",22279,"(22271, 22273, 22277)",2,4,"(2, 4)"
22,A,"(25301, 25303, 25307, 25309)",25301,"(25303, 25307, 25309)",4,2,"(4, 2)"
23,B,"(31721, 31723, 31727, 31729)",31723,"(31721, 31727, 31729)",6,2,"(6, 2)"
24,C,"(34841, 34843, 34847, 34849)",34847,"(34841, 34843, 34849)",2,6,"(2, 6)"
25,E,"(43781, 43783, 43787, 43789)",43789,"(43781, 43783, 43787)",2,4,"(2, 4)"
26,A,"(51341, 51343, 51347, 51349)",51341,"(51343, 51347, 51349)",4,2,"(4, 2)"
27,B,"(55331, 55333, 55337, 55339)",55333,"(55331, 55337, 55339)",6,2,"(6, 2)"
28,C,"(62981, 62983, 62987, 62989)",62987,"(62981, 62983, 62989)",2,6,"(2, 6)"
29,E,"(67211, 67213, 67217, 67219)",67219,"(67211, 67213, 67217)",2,4,"(2, 4)"
30,A,"(69491, 69493, 69497, 69499)",69491,"(69493, 69497, 69499)",4,2,"(4, 2)"
31,B,"(72221, 72223, 72227, 72229)",72223,"(72221, 72227, 72229)",6,2,"(6, 2)"
32,C,"(77261, 77263, 77267, 77269)",77267,"(77261, 77263, 77269)",2,6,"(2, 6)"
33,E,"(79691, 79693, 79697, 79699)",79699,"(79691, 79693, 79697)",2,4,"(2, 4)"
34,A,"(81041, 81043, 81047, 81049)",81041,"(81043, 81047, 81049)",4,2,"(4, 2)"
35,B,"(82721, 82723, 82727, 82729)",82723,"(82721, 82727, 82729)",6,2,"(6, 2)"
36,C,"(88811, 88813, 88817, 88819)",88817,"(88811, 88813, 88819)",2,6,"(2, 6)"
37,E,"(97841, 97843, 97847, 97849)",97849,"(97841, 97843, 97847)",2,4,"(2, 4)"
38,A,"(99131, 99133, 99137, 99139)",99131,"(99133, 99137, 99139)",4,2,"(4, 2)"
39,B,"(101111, 101113, 101117, 101119)",101113,"(101111, 101117, 101119)",6,2,"(6, 2)"
40,C,"(109841, 109843, 109847, 109849)",109847,"(109841, 109843, 109849)",2,6,"(2, 6)"
41,E,"(116531, 116533, 116537, 116539)",116539,"(116531, 116533, 116537)",2,4,"(2, 4)"
42,A,"(119291, 119293, 119297, 119299)",119291,"(119293, 119297, 119299)",4,2,"(4, 2)"
43,B,"(122201, 122203, 122207, 122209)",122203,"(122201, 122207, 122209)",6,2,"(6, 2)"
44,C,"(135461, 135463, 135467, 135469)",135467,"(135461, 135463, 135469)",2,6,"(2, 6)"
45,E,"(144161, 144163, 144167, 144169)",144169,"(144161, 144163, 144167)",2,4,"(2, 4)"
46,A,"(157271, 157273, 157277, 157279)",157271,"(157273, 157277, 157279)",4,2,"(4, 2)"
47,B,"(165701, 165703, 165707, 165709)",165703,"(165701, 165707, 165709)",6,2,"(6, 2)"
48,C,"(166841, 166843, 166847, 166849)",166847,"(166841, 166843, 166849)",2,6,"(2, 6)"
49,E,"(171161, 171163, 171167, 171169)",171169,"(171161, 171163, 171167)",2,4,"(2, 4)"
50,A,"(187631, 187633, 187637, 187639)",187631,"(187633, 187637, 187639)",4,2,"(4, 2)"
51,B,"(194861, 194863, 194867, 194869)",194863,"(194861, 194867, 194869)",6,2,"(6, 2)"
52,C,"(195731, 195733, 195737, 195739)",195737,"(195731, 195733, 195739)",2,6,"(2, 6)"
53,E,"(201491, 201493, 201497, 201499)",201499,"(201491, 201493, 201497)",2,4,"(2, 4)"
54,A,"(201821, 201823, 201827, 201829)",201821,"(201823, 201827, 201829)",4,2,"(4, 2)"
55,B,"(217361, 217363, 217367, 217369)",217363,"(217361, 217367, 217369)",6,2,"(6, 2)"
56,C,"(225341, 225343, 225347, 225349)",225347,"(225341, 225343, 225349)",2,6,"(2, 6)"
57,E,"(240041, 240043, 240047, 240049)",240049,"(240041, 240043, 240047)",2,4,"(2, 4)"
58,A,"(243701, 243703, 243707, 243709)",243701,"(243703, 243707, 243709)",4,2,"(4, 2)"
59,B,"(247601, 247603, 247607, 247609)",247603,"(247601, 247607, 247609)",6,2,"(6, 2)"
60,C,"(247991, 247993, 247997, 247999)",247997,"(247991, 247993, 247999)",2,6,"(2, 6)"
61,E,"(257861, 257863, 257867, 257869)",257869,"(257861, 257863, 257867)",2,4,"(2, 4)"
62,A,"(260411, 260413, 260417, 260419)",260411,"(260413, 260417, 260419)",4,2,"(4, 2)"
63,B,"(266681, 266683, 266687, 266689)",266683,"(266681, 266687, 266689)",6,2,"(6, 2)"
64,C,"(268811, 268813, 268817, 268819)",268817,"(268811, 268813, 268819)",2,6,"(2, 6)"
65,E,"(276041, 276043, 276047, 276049)",276049,"(276041, 276043, 276047)",2,4,"(2, 4)"
66,A,"(284741, 284743, 284747, 284749)",284741,"(284743, 284747, 284749)",4,2,"(4, 2)"
67,B,"(285281, 285283, 285287, 285289)",285283,"(285281, 285287, 285289)",6,2,"(6, 2)"
68,C,"(294311, 294313, 294317, 294319)",294317,"(294311, 294313, 294319)",2,6,"(2, 6)"
69,E,"(295871, 295873, 295877, 295879)",295879,"(295871, 295873, 295877)",2,4,"(2, 4)"
70,A,"(299471, 299473, 299477, 299479)",299471,"(299473, 299477, 299479)",4,2,"(4, 2)"
71,B,"(300491, 300493, 300497, 300499)",300493,"(300491, 300497, 300499)",6,2,"(6, 2)"
72,C,"(301991, 301993, 301997, 301999)",301997,"(301991, 301993, 301999)",2,6,"(2, 6)"
73,E,"(326141, 326143, 326147, 326149)",326149,"(326141, 326143, 326147)",2,4,"(2, 4)"
74,A,"(334421, 334423, 334427, 334429)",334421,"(334423, 334427, 334429)",4,2,"(4, 2)"
75,B,"(340931, 340933, 340937, 340939)",340933,"(340931, 340937, 340939)",6,2,"(6, 2)"
76,C,"(346391, 346393, 346397, 346399)",346397,"(346391, 346393, 346399)",2,6,"(2, 6)"
77,E,"(347981, 347983, 347987, 347989)",347989,"(347981, 347983, 347987)",2,4,"(2, 4)"
78,A,"(354251, 354253, 354257, 354259)",354251,"(354253, 354257, 354259)",4,2,"(4, 2)"
79,B,"(358901, 358903, 358907, 358909)",358903,"(358901, 358907, 358909)",6,2,"(6, 2)"
80,C,"(361211, 361213, 361217, 361219)",361217,"(361211, 361213, 361219)",2,6,"(2, 6)"
81,E,"(375251, 375253, 375257, 375259)",375259,"(375251, 375253, 375257)",2,4,"(2, 4)"
82,A,"(388691, 388693, 388697, 388699)",388691,"(388693, 388697, 388699)",4,2,"(4, 2)"
83,B,"(389561, 389563, 389567, 389569)",389563,"(389561, 389567, 389569)",6,2,"(6, 2)"
84,C,"(392261, 392263, 392267, 392269)",392267,"(392261, 392263, 392269)",2,6,"(2, 6)"
85,E,"(394811, 394813, 394817, 394819)",394819,"(394811, 394813, 394817)",2,4,"(2, 4)"
86,A,"(397541, 397543, 397547, 397549)",397541,"(397543, 397547, 397549)",4,2,"(4, 2)"
87,B,"(397751, 397753, 397757, 397759)",397753,"(397751, 397757, 397759)",6,2,"(6, 2)"
88,C,"(402131, 402133, 402137, 402139)",402137,"(402131, 402133, 402139)",2,6,"(2, 6)"
89,E,"(402761, 402763, 402767, 402769)",402769,"(402761, 402763, 402767)",2,4,"(2, 4)"
90,A,"(412031, 412033, 412037, 412039)",412031,"(412033, 412037, 412039)",4,2,"(4, 2)"
91,B,"(419051, 419053, 419057, 419059)",419053,"(419051, 419057, 419059)",6,2,"(6, 2)"
92,C,"(420851, 420853, 420857, 420859)",420857,"(420851, 420853, 420859)",2,6,"(2, 6)"
93,E,"(427241, 427243, 427247, 427249)",427249,"(427241, 427243, 427247)",2,4,"(2, 4)"
94,A,"(442571, 442573, 442577, 442579)",442571,"(442573, 442577, 442579)",4,2,"(4, 2)"
95,B,"(444341, 444343, 444347, 444349)",444343,"(444341, 444347, 444349)",6,2,"(6, 2)"
96,C,"(452531, 452533, 452537, 452539)",452537,"(452531, 452533, 452539)",2,6,"(2, 6)"
97,E,"(463451, 463453, 463457, 463459)",463459,"(463451, 463453, 463457)",2,4,"(2, 4)"
98,A,"(465161, 465163, 465167, 465169)",465161,"(465163, 465167, 465169)",4,2,"(4, 2)"
99,B,"(467471, 467473, 467477, 467479)",467473,"(467471, 467477, 467479)",6,2,"(6, 2)"
100,C,"(470081, 470083, 470087, 470089)",470087,"(470081, 470083, 470089)",2,6,"(2, 6)"
101,E,"(477011, 477013, 477017, 477019)",477019,"(477011, 477013, 477017)",2,4,"(2, 4)"
102,A,"(490571, 490573, 490577, 490579)",490571,"(490573, 490577, 490579)",4,2,"(4, 2)"
103,B,"(495611, 495613, 495617, 495619)",495613,"(495611, 495617, 495619)",6,2,"(6, 2)"
104,C,"(500231, 500233, 500237, 500239)",500237,"(500231, 500233, 500239)",2,6,"(2, 6)"
105,E,"(510611, 510613, 510617, 510619)",510619,"(510611, 510613, 510617)",2,4,"(2, 4)"
106,A,"(518801, 518803, 518807, 518809)",518801,"(518803, 518807, 518809)",4,2,"(4, 2)"
107,B,"(536441, 536443, 536447, 536449)",536443,"(536441, 536447, 536449)",6,2,"(6, 2)"
108,C,"(536771, 536773, 536777, 536779)",536777,"(536771, 536773, 536779)",2,6,"(2, 6)"
109,E,"(539501, 539503, 539507, 539509)",539509,"(539501, 539503, 539507)",2,4,"(2, 4)"
110,A,"(549161, 549163, 549167, 549169)",549161,"(549163, 549167, 549169)",4,2,"(4, 2)"
111,B,"(559211, 559213, 559217, 559219)",559213,"(559211, 559217, 559219)",6,2,"(6, 2)"
112,C,"(563411, 563413, 563417, 563419)",563417,"(563411, 563413, 563419)",2,6,"(2, 6)"
113,E,"(570041, 570043, 570047, 570049)",570049,"(570041, 570043, 570047)",2,4,"(2, 4)"
114,A,"(572651, 572653, 572657, 572659)",572651,"(572653, 572657, 572659)",4,2,"(4, 2)"
115,B,"(585911, 585913, 585917, 585919)",585913,"(585911, 585917, 585919)",6,2,"(6, 2)"
116,C,"(594821, 594823, 594827, 594829)",594827,"(594821, 594823, 594829)",2,6,"(2, 6)"
117,E,"(597671, 597673, 597677, 597679)",597679,"(597671, 597673, 597677)",2,4,"(2, 4)"
118,A,"(607301, 607303, 607307, 607309)",607301,"(607303, 607307, 607309)",4,2,"(4, 2)"
119,B,"(622241, 622243, 622247, 622249)",622243,"(622241, 622247, 622249)",6,2,"(6, 2)"
120,C,"(626621, 626623, 626627, 626629)",626627,"(626621, 626623, 626629)",2,6,"(2, 6)"
121,E,"(632081, 632083, 632087, 632089)",632089,"(632081, 632083, 632087)",2,4,"(2, 4)"
122,A,"(632321, 632323, 632327, 632329)",632321,"(632323, 632327, 632329)",4,2,"(4, 2)"
123,B,"(633461, 633463, 633467, 633469)",633463,"(633461, 633467, 633469)",6,2,"(6, 2)"
124,C,"(633791, 633793, 633797, 633799)",633797,"(633791, 633793, 633799)",2,6,"(2, 6)"
125,E,"(654161, 654163, 654167, 654169)",654169,"(654161, 654163, 654167)",2,4,"(2, 4)"
126,A,"(657491, 657493, 657497, 657499)",657491,"(657493, 657497, 657499)",4,2,"(4, 2)"
127,B,"(661091, 661093, 661097, 661099)",661093,"(661091, 661097, 661099)",6,2,"(6, 2)"
128,C,"(663581, 663583, 663587, 663589)",663587,"(663581, 663583, 663589)",2,6,"(2, 6)"
129,E,"(664661, 664663, 664667, 664669)",664669,"(664661, 664663, 664667)",2,4,"(2, 4)"
130,A,"(666431, 666433, 666437, 666439)",666431,"(666433, 666437, 666439)",4,2,"(4, 2)"
131,B,"(680291, 680293, 680297, 680299)",680293,"(680291, 680297, 680299)",6,2,"(6, 2)"
132,C,"(681251, 681253, 681257, 681259)",681257,"(681251, 681253, 681259)",2,6,"(2, 6)"
133,E,"(691721, 691723, 691727, 691729)",691729,"(691721, 691723, 691727)",2,4,"(2, 4)"
134,A,"(705161, 705163, 705167, 705169)",705161,"(705163, 705167, 705169)",4,2,"(4, 2)"
135,B,"(715151, 715153, 715157, 715159)",715153,"(715151, 715157, 715159)",6,2,"(6, 2)"
136,C,"(734471, 734473, 734477, 734479)",734477,"(734471, 734473, 734479)",2,6,"(2, 6)"
137,E,"(736361, 736363, 736367, 736369)",736369,"(736361, 736363, 736367)",2,4,"(2, 4)"
138,A,"(739391, 739393, 739397, 739399)",739391,"(739393, 739397, 739399)",4,2,"(4, 2)"
139,B,"(768191, 768193, 768197, 768199)",768193,"(768191, 768197, 768199)",6,2,"(6, 2)"
140,C,"(773021, 773023, 773027, 773029)",773027,"(773021, 773023, 773029)",2,6,"(2, 6)"
141,E,"(795791, 795793, 795797, 795799)",795799,"(795791, 795793, 795797)",2,4,"(2, 4)"
142,A,"(803441, 803443, 803447, 803449)",803441,"(803443, 803447, 803449)",4,2,"(4, 2)"
143,B,"(814061, 814063, 814067, 814069)",814063,"(814061, 814067, 814069)",6,2,"(6, 2)"
144,C,"(822161, 822163, 822167, 822169)",822167,"(822161, 822163, 822169)",2,6,"(2, 6)"
145,E,"(823721, 823723, 823727, 823729)",823729,"(823721, 823723, 823727)",2,4,"(2, 4)"
146,A,"(829721, 829723, 829727, 829729)",829721,"(829723, 829727, 829729)",4,2,"(4, 2)"
147,B,"(833711, 833713, 833717, 833719)",833713,"(833711, 833717, 833719)",6,2,"(6, 2)"
148,C,"(837071, 837073, 837077, 837079)",837077,"(837071, 837073, 837079)",2,6,"(2, 6)"
149,E,"(845981, 845983, 845987, 845989)",845989,"(845981, 845983, 845987)",2,4,"(2, 4)"
150,A,"(854921, 854923, 854927, 854929)",854921,"(854923, 854927, 854929)",4,2,"(4, 2)"
151,B,"(855731, 855733, 855737, 855739)",855733,"(855731, 855737, 855739)",6,2,"(6, 2)"
152,C,"(857951, 857953, 857957, 857959)",857957,"(857951, 857953, 857959)",2,6,"(2, 6)"
153,E,"(875261, 875263, 875267, 875269)",875269,"(875261, 875263, 875267)",2,4,"(2, 4)"
154,A,"(876011, 876013, 876017, 876019)",876011,"(876013, 876017, 876019)",4,2,"(4, 2)"
155,B,"(881471, 881473, 881477, 881479)",881473,"(881471, 881477, 881479)",6,2,"(6, 2)"
156,C,"(889871, 889873, 889877, 889879)",889877,"(889871, 889873, 889879)",2,6,"(2, 6)"
157,E,"(907391, 907393, 907397, 907399)",907399,"(907391, 907393, 907397)",2,4,"(2, 4)"
158,A,"(930071, 930073, 930077, 930079)",930071,"(930073, 930077, 930079)",4,2,"(4, 2)"
159,B,"(938051, 938053, 938057, 938059)",938053,"(938051, 938057, 938059)",6,2,"(6, 2)"
160,C,"(946661, 946663, 946667, 946669)",946667,"(946661, 946663, 946669)",2,6,"(2, 6)"
161,E,"(954971, 954973, 954977, 954979)",954979,"(954971, 954973, 954977)",2,4,"(2, 4)"
162,A,"(958541, 958543, 958547, 958549)",958541,"(958543, 958547, 958549)",4,2,"(4, 2)"
163,B,"(959471, 959473, 959477, 959479)",959473,"(959471, 959477, 959479)",6,2,"(6, 2)"
164,C,"(976301, 976303, 976307, 976309)",976307,"(976301, 976303, 976309)",2,6,"(2, 6)"
165,E,"(978071, 978073, 978077, 978079)",978079,"(978071, 978073, 978077)",2,4,"(2, 4)"
166,A,"(983441, 983443, 983447, 983449)",983441,"(983443, 983447, 983449)",4,2,"(4, 2)"
167,B,"(1002341, 1002343, 1002347, 1002349)",1002343,"(1002341, 1002347, 1002349)",6,2,"(6, 2)"
168,C,"(1003361, 1003363, 1003367, 1003369)",1003367,"(1003361, 1003363, 1003369)",2,6,"(2, 6)"
169,E,"(1006301, 1006303, 1006307, 1006309)",1006309,"(1006301, 1006303, 1006307)",2,4,"(2, 4)"
170,A,"(1006331, 1006333, 1006337, 1006339)",1006331,"(1006333, 1006337, 1006339)",4,2,"(4, 2)"
171,B,"(1008851, 1008853, 1008857, 1008859)",1008853,"(1008851, 1008857, 1008859)",6,2,"(6, 2)"
172,C,"(1015361, 1015363, 1015367, 1015369)",1015367,"(1015361, 1015363, 1015369)",2,6,"(2, 6)"
173,E,"(1022381, 1022383, 1022387, 1022389)",1022389,"(1022381, 1022383, 1022387)",2,4,"(2, 4)"
174,A,"(1022501, 1022503, 1022507, 1022509)",1022501,"(1022503, 1022507, 1022509)",4,2,"(4, 2)"
175,B,"(1023941, 1023943, 1023947, 1023949)",1023943,"(1023941, 1023947, 1023949)",6,2,"(6, 2)"
176,C,"(1027751, 1027753, 1027757, 1027759)",1027757,"(1027751, 1027753, 1027759)",2,6,"(2, 6)"
177,E,"(1043591, 1043593, 1043597, 1043599)",1043599,"(1043591, 1043593, 1043597)",2,4,"(2, 4)"
178,A,"(1063961, 1063963, 1063967, 1063969)",1063961,"(1063963, 1063967, 1063969)",4,2,"(4, 2)"
179,B,"(1065011, 1065013, 1065017, 1065019)",1065013,"(1065011, 1065017, 1065019)",6,2,"(6, 2)"
180,C,"(1068251, 1068253, 1068257, 1068259)",1068257,"(1068251, 1068253, 1068259)",2,6,"(2, 6)"
181,E,"(1068701, 1068703, 1068707, 1068709)",1068709,"(1068701, 1068703, 1068707)",2,4,"(2, 4)"
182,A,"(1091261, 1091263, 1091267, 1091269)",1091261,"(1091263, 1091267, 1091269)",4,2,"(4, 2)"
183,B,"(1093061, 1093063, 1093067, 1093069)",1093063,"(1093061, 1093067, 1093069)",6,2,"(6, 2)"
184,C,"(1093991, 1093993, 1093997, 1093999)",1093997,"(1093991, 1093993, 1093999)",2,6,"(2, 6)"
185,E,"(1100831, 1100833, 1100837, 1100839)",1100839,"(1100831, 1100833, 1100837)",2,4,"(2, 4)"
186,A,"(1117601, 1117603, 1117607, 1117609)",1117601,"(1117603, 1117607, 1117609)",4,2,"(4, 2)"
187,B,"(1117811, 1117813, 1117817, 1117819)",1117813,"(1117811, 1117817, 1117819)",6,2,"(6, 2)"
188,C,"(1118861, 1118863, 1118867, 1118869)",1118867,"(1118861, 1118863, 1118869)",2,6,"(2, 6)"
189,E,"(1120541, 1120543, 1120547, 1120549)",1120549,"(1120541, 1120543, 1120547)",2,4,"(2, 4)"
190,A,"(1121831, 1121833, 1121837, 1121839)",1121831,"(1121833, 1121837, 1121839)",4,2,"(4, 2)"
191,B,"(1122131, 1122133, 1122137, 1122139)",1122133,"(1122131, 1122137, 1122139)",6,2,"(6, 2)"
192,C,"(1126661, 1126663, 1126667, 1126669)",1126667,"(1126661, 1126663, 1126669)",2,6,"(2, 6)"
193,E,"(1137881, 1137883, 1137887, 1137889)",1137889,"(1137881, 1137883, 1137887)",2,4,"(2, 4)"
194,A,"(1146791, 1146793, 1146797, 1146799)",1146791,"(1146793, 1146797, 1146799)",4,2,"(4, 2)"
195,B,"(1155611, 1155613, 1155617, 1155619)",1155613,"(1155611, 1155617, 1155619)",6,2,"(6, 2)"
196,C,"(1156031, 1156033, 1156037, 1156039)",1156037,"(1156031, 1156033, 1156039)",2,6,"(2, 6)"
197,E,"(1157831, 1157833, 1157837, 1157839)",1157839,"(1157831, 1157833, 1157837)",2,4,"(2, 4)"
198,A,"(1163711, 1163713, 1163717, 1163719)",1163711,"(1163713, 1163717, 1163719)",4,2,"(4, 2)"
199,B,"(1167701, 1167703, 1167707, 1167709)",1167703,"(1167701, 1167707, 1167709)",6,2,"(6, 2)"
200,C,"(1168241, 1168243, 1168247, 1168249)",1168247,"(1168241, 1168243, 1168249)",2,6,"(2, 6)"
201,E,"(1170131, 1170133, 1170137, 1170139)",1170139,"(1170131, 1170133, 1170137)",2,4,"(2, 4)"
202,A,"(1172021, 1172023, 1172027, 1172029)",1172021,"(1172023, 1172027, 1172029)",4,2,"(4, 2)"
203,B,"(1172531, 1172533, 1172537, 1172539)",1172533,"(1172531, 1172537, 1172539)",6,2,"(6, 2)"
204,C,"(1173581, 1173583, 1173587, 1173589)",1173587,"(1173581, 1173583, 1173589)",2,6,"(2, 6)"
205,E,"(1182281, 1182283, 1182287, 1182289)",1182289,"(1182281, 1182283, 1182287)",2,4,"(2, 4)"
206,A,"(1210871, 1210873, 1210877, 1210879)",1210871,"(1210873, 1210877, 1210879)",4,2,"(4, 2)"
207,B,"(1228391, 1228393, 1228397, 1228399)",1228393,"(1228391, 1228397, 1228399)",6,2,"(6, 2)"
208,C,"(1230371, 1230373, 1230377, 1230379)",1230377,"(1230371, 1230373, 1230379)",2,6,"(2, 6)"
209,E,"(1233431, 1233433, 1233437, 1233439)",1233439,"(1233431, 1233433, 1233437)",2,4,"(2, 4)"
210,A,"(1246241, 1246243, 1246247, 1246249)",1246241,"(1246243, 1246247, 1246249)",4,2,"(4, 2)"
211,B,"(1246361, 1246363, 1246367, 1246369)",1246363,"(1246361, 1246367, 1246369)",6,2,"(6, 2)"
212,C,"(1257071, 1257073, 1257077, 1257079)",1257077,"(1257071, 1257073, 1257079)",2,6,"(2, 6)"
213,E,"(1272281, 1272283, 1272287, 1272289)",1272289,"(1272281, 1272283, 1272287)",2,4,"(2, 4)"
214,A,"(1285511, 1285513, 1285517, 1285519)",1285511,"(1285513, 1285517, 1285519)",4,2,"(4, 2)"
215,B,"(1298111, 1298113, 1298117, 1298119)",1298113,"(1298111, 1298117, 1298119)",6,2,"(6, 2)"
216,C,"(1322171, 1322173, 1322177, 1322179)",1322177,"(1322171, 1322173, 1322179)",2,6,"(2, 6)"
217,E,"(1322591, 1322593, 1322597, 1322599)",1322599,"(1322591, 1322593, 1322597)",2,4,"(2, 4)"
218,A,"(1324571, 1324573, 1324577, 1324579)",1324571,"(1324573, 1324577, 1324579)",4,2,"(4, 2)"
219,B,"(1329701, 1329703, 1329707, 1329709)",1329703,"(1329701, 1329707, 1329709)",6,2,"(6, 2)"
220,C,"(1337261, 1337263, 1337267, 1337269)",1337267,"(1337261, 1337263, 1337269)",2,6,"(2, 6)"
221,E,"(1339901, 1339903, 1339907, 1339909)",1339909,"(1339901, 1339903, 1339907)",2,4,"(2, 4)"
222,A,"(1340321, 1340323, 1340327, 1340329)",1340321,"(1340323, 1340327, 1340329)",4,2,"(4, 2)"
223,B,"(1351241, 1351243, 1351247, 1351249)",1351243,"(1351241, 1351247, 1351249)",6,2,"(6, 2)"
224,C,"(1352201, 1352203, 1352207, 1352209)",1352207,"(1352201, 1352203, 1352209)",2,6,"(2, 6)"
225,E,"(1358801, 1358803, 1358807, 1358809)",1358809,"(1358801, 1358803, 1358807)",2,4,"(2, 4)"
226,A,"(1360781, 1360783, 1360787, 1360789)",1360781,"(1360783, 1360787, 1360789)",4,2,"(4, 2)"
227,B,"(1368461, 1368463, 1368467, 1368469)",1368463,"(1368461, 1368467, 1368469)",6,2,"(6, 2)"
228,C,"(1381271, 1381273, 1381277, 1381279)",1381277,"(1381271, 1381273, 1381279)",2,6,"(2, 6)"
229,E,"(1400801, 1400803, 1400807, 1400809)",1400809,"(1400801, 1400803, 1400807)",2,4,"(2, 4)"
230,A,"(1402361, 1402363, 1402367, 1402369)",1402361,"(1402363, 1402367, 1402369)",4,2,"(4, 2)"
231,B,"(1410971, 1410973, 1410977, 1410979)",1410973,"(1410971, 1410977, 1410979)",6,2,"(6, 2)"
232,C,"(1440581, 1440583, 1440587, 1440589)",1440587,"(1440581, 1440583, 1440589)",2,6,"(2, 6)"
233,E,"(1447001, 1447003, 1447007, 1447009)",1447009,"(1447001, 1447003, 1447007)",2,4,"(2, 4)"
234,A,"(1451831, 1451833, 1451837, 1451839)",1451831,"(1451833, 1451837, 1451839)",4,2,"(4, 2)"
235,B,"(1461401, 1461403, 1461407, 1461409)",1461403,"(1461401, 1461407, 1461409)",6,2,"(6, 2)"
236,C,"(1468631, 1468633, 1468637, 1468639)",1468637,"(1468631, 1468633, 1468639)",2,6,"(2, 6)"
237,E,"(1508621, 1508623, 1508627, 1508629)",1508629,"(1508621, 1508623, 1508627)",2,4,"(2, 4)"
238,A,"(1514321, 1514323, 1514327, 1514329)",1514321,"(1514323, 1514327, 1514329)",4,2,"(4, 2)"
239,B,"(1524071, 1524073, 1524077, 1524079)",1524073,"(1524071, 1524077, 1524079)",6,2,"(6, 2)"
240,C,"(1525961, 1525963, 1525967, 1525969)",1525967,"(1525961, 1525963, 1525969)",2,6,"(2, 6)"
241,E,"(1540961, 1540963, 1540967, 1540969)",1540969,"(1540961, 1540963, 1540967)",2,4,"(2, 4)"
242,A,"(1571741, 1571743, 1571747, 1571749)",1571741,"(1571743, 1571747, 1571749)",4,2,"(4, 2)"
243,B,"(1573541, 1573543, 1573547, 1573549)",1573543,"(1573541, 1573547, 1573549)",6,2,"(6, 2)"
244,C,"(1573931, 1573933, 1573937, 1573939)",1573937,"(1573931, 1573933, 1573939)",2,6,"(2, 6)"
245,E,"(1577291, 1577293, 1577297, 1577299)",1577299,"(1577291, 1577293, 1577297)",2,4,"(2, 4)"
246,A,"(1584431, 1584433, 1584437, 1584439)",1584431,"(1584433, 1584437, 1584439)",4,2,"(4, 2)"
247,B,"(1588751, 1588753, 1588757, 1588759)",1588753,"(1588751, 1588757, 1588759)",6,2,"(6, 2)"
248,C,"(1592861, 1592863, 1592867, 1592869)",1592867,"(1592861, 1592863, 1592869)",2,6,"(2, 6)"
249,E,"(1603331, 1603333, 1603337, 1603339)",1603339,"(1603331, 1603333, 1603337)",2,4,"(2, 4)"
250,A,"(1615841, 1615843, 1615847, 1615849)",1615841,"(1615843, 1615847, 1615849)",4,2,"(4, 2)"
251,B,"(1616801, 1616803, 1616807, 1616809)",1616803,"(1616801, 1616807, 1616809)",6,2,"(6, 2)"
252,C,"(1621721, 1621723, 1621727, 1621729)",1621727,"(1621721, 1621723, 1621729)",2,6,"(2, 6)"
253,E,"(1627601, 1627603, 1627607, 1627609)",1627609,"(1627601, 1627603, 1627607)",2,4,"(2, 4)"
254,A,"(1631051, 1631053, 1631057, 1631059)",1631051,"(1631053, 1631057, 1631059)",4,2,"(4, 2)"
255,B,"(1653101, 1653103, 1653107, 1653109)",1653103,"(1653101, 1653107, 1653109)",6,2,"(6, 2)"
256,C,"(1659101, 1659103, 1659107, 1659109)",1659107,"(1659101, 1659103, 1659109)",2,6,"(2, 6)"
257,E,"(1670561, 1670563, 1670567, 1670569)",1670569,"(1670561, 1670563, 1670567)",2,4,"(2, 4)"
258,A,"(1678751, 1678753, 1678757, 1678759)",1678751,"(1678753, 1678757, 1678759)",4,2,"(4, 2)"
259,B,"(1681871, 1681873, 1681877, 1681879)",1681873,"(1681871, 1681877, 1681879)",6,2,"(6, 2)"
260,C,"(1685441, 1685443, 1685447, 1685449)",1685447,"(1685441, 1685443, 1685449)",2,6,"(2, 6)"
261,E,"(1691861, 1691863, 1691867, 1691869)",1691869,"(1691861, 1691863, 1691867)",2,4,"(2, 4)"
262,A,"(1711811, 1711813, 1711817, 1711819)",1711811,"(1711813, 1711817, 1711819)",4,2,"(4, 2)"
263,B,"(1718861, 1718863, 1718867, 1718869)",1718863,"(1718861, 1718867, 1718869)",6,2,"(6, 2)"
264,C,"(1727771, 1727773, 1727777, 1727779)",1727777,"(1727771, 1727773, 1727779)",2,6,"(2, 6)"
265,E,"(1747721, 1747723, 1747727, 1747729)",1747729,"(1747721, 1747723, 1747727)",2,4,"(2, 4)"
266,A,"(1748471, 1748473, 1748477, 1748479)",1748471,"(1748473, 1748477, 1748479)",4,2,"(4, 2)"
267,B,"(1749491, 1749493, 1749497, 1749499)",1749493,"(1749491, 1749497, 1749499)",6,2,"(6, 2)"
268,C,"(1755821, 1755823, 1755827, 1755829)",1755827,"(1755821, 1755823, 1755829)",2,6,"(2, 6)"
269,E,"(1764221, 1764223, 1764227, 1764229)",1764229,"(1764221, 1764223, 1764227)",2,4,"(2, 4)"
270,A,"(1780481, 1780483, 1780487, 1780489)",1780481,"(1780483, 1780487, 1780489)",4,2,"(4, 2)"
271,B,"(1791731, 1791733, 1791737, 1791739)",1791733,"(1791731, 1791737, 1791739)",6,2,"(6, 2)"
272,C,"(1797371, 1797373, 1797377, 1797379)",1797377,"(1797371, 1797373, 1797379)",2,6,"(2, 6)"
273,E,"(1798631, 1798633, 1798637, 1798639)",1798639,"(1798631, 1798633, 1798637)",2,4,"(2, 4)"
274,A,"(1802651, 1802653, 1802657, 1802659)",1802651,"(1802653, 1802657, 1802659)",4,2,"(4, 2)"
275,B,"(1819841, 1819843, 1819847, 1819849)",1819843,"(1819841, 1819847, 1819849)",6,2,"(6, 2)"
276,C,"(1830341, 1830343, 1830347, 1830349)",1830347,"(1830341, 1830343, 1830349)",2,6,"(2, 6)"
277,E,"(1833521, 1833523, 1833527, 1833529)",1833529,"(1833521, 1833523, 1833527)",2,4,"(2, 4)"
278,A,"(1834031, 1834033, 1834037, 1834039)",1834031,"(1834033, 1834037, 1834039)",4,2,"(4, 2)"
279,B,"(1837391, 1837393, 1837397, 1837399)",1837393,"(1837391, 1837397, 1837399)",6,2,"(6, 2)"
280,C,"(1857671, 1857673, 1857677, 1857679)",1857677,"(1857671, 1857673, 1857679)",2,6,"(2, 6)"
281,E,"(1890521, 1890523, 1890527, 1890529)",1890529,"(1890521, 1890523, 1890527)",2,4,"(2, 4)"
282,A,"(1902611, 1902613, 1902617, 1902619)",1902611,"(1902613, 1902617, 1902619)",4,2,"(4, 2)"
283,B,"(1904471, 1904473, 1904477, 1904479)",1904473,"(1904471, 1904477, 1904479)",6,2,"(6, 2)"
284,C,"(1910261, 1910263, 1910267, 1910269)",1910267,"(1910261, 1910263, 1910269)",2,6,"(2, 6)"
285,E,"(1912061, 1912063, 1912067, 1912069)",1912069,"(1912061, 1912063, 1912067)",2,4,"(2, 4)"
286,A,"(1912451, 1912453, 1912457, 1912459)",1912451,"(1912453, 1912457, 1912459)",4,2,"(4, 2)"
287,B,"(1915931, 1915933, 1915937, 1915939)",1915933,"(1915931, 1915937, 1915939)",6,2,"(6, 2)"
288,C,"(1917731, 1917733, 1917737, 1917739)",1917737,"(1917731, 1917733, 1917739)",2,6,"(2, 6)"
289,E,"(1925381, 1925383, 1925387, 1925389)",1925389,"(1925381, 1925383, 1925387)",2,4,"(2, 4)"
290,A,"(1943651, 1943653, 1943657, 1943659)",1943651,"(1943653, 1943657, 1943659)",4,2,"(4, 2)"
291,B,"(1954151, 1954153, 1954157, 1954159)",1954153,"(1954151, 1954157, 1954159)",6,2,"(6, 2)"
292,C,"(1954361, 1954363, 1954367, 1954369)",1954367,"(1954361, 1954363, 1954369)",2,6,"(2, 6)"
293,E,"(1959311, 1959313, 1959317, 1959319)",1959319,"(1959311, 1959313, 1959317)",2,4,"(2, 4)"
294,A,"(1979141, 1979143, 1979147, 1979149)",1979141,"(1979143, 1979147, 1979149)",4,2,"(4, 2)"
295,B,"(1979891, 1979893, 1979897, 1979899)",1979893,"(1979891, 1979897, 1979899)",6,2,"(6, 2)"
296,C,"(2002331, 2002333, 2002337, 2002339)",2002337,"(2002331, 2002333, 2002339)",2,6,"(2, 6)"
297,E,"(2007611, 2007613, 2007617, 2007619)",2007619,"(2007611, 2007613, 2007617)",2,4,"(2, 4)"
298,A,"(2007911, 2007913, 2007917, 2007919)",2007911,"(2007913, 2007917, 2007919)",4,2,"(4, 2)"
299,B,"(2016401, 2016403, 2016407, 2016409)",2016403,"(2016401, 2016407, 2016409)",6,2,"(6, 2)"
300,C,"(2020721, 2020723, 2020727, 2020729)",2020727,"(2020721, 2020723, 2020729)",2,6,"(2, 6)"
301,E,"(2050331, 2050333, 2050337, 2050339)",2050339,"(2050331, 2050333, 2050337)",2,4,"(2, 4)"
302,A,"(2062001, 2062003, 2062007, 2062009)",2062001,"(2062003, 2062007, 2062009)",4,2,"(4, 2)"
303,B,"(2063771, 2063773, 2063777, 2063779)",2063773,"(2063771, 2063777, 2063779)",6,2,"(6, 2)"
304,C,"(2065571, 2065573, 2065577, 2065579)",2065577,"(2065571, 2065573, 2065579)",2,6,"(2, 6)"
305,E,"(2075831, 2075833, 2075837, 2075839)",2075839,"(2075831, 2075833, 2075837)",2,4,"(2, 4)"
306,A,"(2079191, 2079193, 2079197, 2079199)",2079191,"(2079193, 2079197, 2079199)",4,2,"(4, 2)"
307,B,"(2083511, 2083513, 2083517, 2083519)",2083513,"(2083511, 2083517, 2083519)",6,2,"(6, 2)"
308,C,"(2084441, 2084443, 2084447, 2084449)",2084447,"(2084441, 2084443, 2084449)",2,6,"(2, 6)"
309,E,"(2087381, 2087383, 2087387, 2087389)",2087389,"(2087381, 2087383, 2087387)",2,4,"(2, 4)"
310,A,"(2107661, 2107663, 2107667, 2107669)",2107661,"(2107663, 2107667, 2107669)",4,2,"(4, 2)"
311,B,"(2116571, 2116573, 2116577, 2116579)",2116573,"(2116571, 2116577, 2116579)",6,2,"(6, 2)"
312,C,"(2136131, 2136133, 2136137, 2136139)",2136137,"(2136131, 2136133, 2136139)",2,6,"(2, 6)"
313,E,"(2141801, 2141803, 2141807, 2141809)",2141809,"(2141801, 2141803, 2141807)",2,4,"(2, 4)"
314,A,"(2143481, 2143483, 2143487, 2143489)",2143481,"(2143483, 2143487, 2143489)",4,2,"(4, 2)"
315,B,"(2144501, 2144503, 2144507, 2144509)",2144503,"(2144501, 2144507, 2144509)",6,2,"(6, 2)"
316,C,"(2157731, 2157733, 2157737, 2157739)",2157737,"(2157731, 2157733, 2157739)",2,6,"(2, 6)"
317,E,"(2159231, 2159233, 2159237, 2159239)",2159239,"(2159231, 2159233, 2159237)",2,4,"(2, 4)"
318,A,"(2168651, 2168653, 2168657, 2168659)",2168651,"(2168653, 2168657, 2168659)",4,2,"(4, 2)"
319,B,"(2176631, 2176633, 2176637, 2176639)",2176633,"(2176631, 2176637, 2176639)",6,2,"(6, 2)"
320,C,"(2177501, 2177503, 2177507, 2177509)",2177507,"(2177501, 2177503, 2177509)",2,6,"(2, 6)"
321,E,"(2193881, 2193883, 2193887, 2193889)",2193889,"(2193881, 2193883, 2193887)",2,4,"(2, 4)"
322,A,"(2202791, 2202793, 2202797, 2202799)",2202791,"(2202793, 2202797, 2202799)",4,2,"(4, 2)"
323,B,"(2203961, 2203963, 2203967, 2203969)",2203963,"(2203961, 2203967, 2203969)",6,2,"(6, 2)"
324,C,"(2223671, 2223673, 2223677, 2223679)",2223677,"(2223671, 2223673, 2223679)",2,6,"(2, 6)"
325,E,"(2225051, 2225053, 2225057, 2225059)",2225059,"(2225051, 2225053, 2225057)",2,4,"(2, 4)"
326,A,"(2246141, 2246143, 2246147, 2246149)",2246141,"(2246143, 2246147, 2246149)",4,2,"(4, 2)"
327,B,"(2248241, 2248243, 2248247, 2248249)",2248243,"(2248241, 2248247, 2248249)",6,2,"(6, 2)"
328,C,"(2256341, 2256343, 2256347, 2256349)",2256347,"(2256341, 2256343, 2256349)",2,6,"(2, 6)"
329,E,"(2262971, 2262973, 2262977, 2262979)",2262979,"(2262971, 2262973, 2262977)",2,4,"(2, 4)"
330,A,"(2266631, 2266633, 2266637, 2266639)",2266631,"(2266633, 2266637, 2266639)",4,2,"(4, 2)"
331,B,"(2289641, 2289643, 2289647, 2289649)",2289643,"(2289641, 2289647, 2289649)",6,2,"(6, 2)"
332,C,"(2290031, 2290033, 2290037, 2290039)",2290037,"(2290031, 2290033, 2290039)",2,6,"(2, 6)"
333,E,"(2294051, 2294053, 2294057, 2294059)",2294059,"(2294051, 2294053, 2294057)",2,4,"(2, 4)"
334,A,"(2303591, 2303593, 2303597, 2303599)",2303591,"(2303593, 2303597, 2303599)",4,2,"(4, 2)"
335,B,"(2340251, 2340253, 2340257, 2340259)",2340253,"(2340251, 2340257, 2340259)",6,2,"(6, 2)"
336,C,"(2342771, 2342773, 2342777, 2342779)",2342777,"(2342771, 2342773, 2342779)",2,6,"(2, 6)"
337,E,"(2362271, 2362273, 2362277, 2362279)",2362279,"(2362271, 2362273, 2362277)",2,4,"(2, 4)"
338,A,"(2373401, 2373403, 2373407, 2373409)",2373401,"(2373403, 2373407, 2373409)",4,2,"(4, 2)"
339,B,"(2376161, 2376163, 2376167, 2376169)",2376163,"(2376161, 2376167, 2376169)",6,2,"(6, 2)"
340,C,"(2381081, 2381083, 2381087, 2381089)",2381087,"(2381081, 2381083, 2381089)",2,6,"(2, 6)"
341,E,"(2403881, 2403883, 2403887, 2403889)",2403889,"(2403881, 2403883, 2403887)",2,4,"(2, 4)"
342,A,"(2413421, 2413423, 2413427, 2413429)",2413421,"(2413423, 2413427, 2413429)",4,2,"(4, 2)"
343,B,"(2418671, 2418673, 2418677, 2418679)",2418673,"(2418671, 2418677, 2418679)",6,2,"(6, 2)"
344,C,"(2423411, 2423413, 2423417, 2423419)",2423417,"(2423411, 2423413, 2423419)",2,6,"(2, 6)"
345,E,"(2443781, 2443783, 2443787, 2443789)",2443789,"(2443781, 2443783, 2443787)",2,4,"(2, 4)"
346,A,"(2458661, 2458663, 2458667, 2458669)",2458661,"(2458663, 2458667, 2458669)",4,2,"(4, 2)"
347,B,"(2470331, 2470333, 2470337, 2470339)",2470333,"(2470331, 2470337, 2470339)",6,2,"(6, 2)"
348,C,"(2478521, 2478523, 2478527, 2478529)",2478527,"(2478521, 2478523, 2478529)",2,6,"(2, 6)"
349,E,"(2479661, 2479663, 2479667, 2479669)",2479669,"(2479661, 2479663, 2479667)",2,4,"(2, 4)"
350,A,"(2499941, 2499943, 2499947, 2499949)",2499941,"(2499943, 2499947, 2499949)",4,2,"(4, 2)"
351,B,"(2508041, 2508043, 2508047, 2508049)",2508043,"(2508041, 2508047, 2508049)",6,2,"(6, 2)"
352,C,"(2535101, 2535103, 2535107, 2535109)",2535107,"(2535101, 2535103, 2535109)",2,6,"(2, 6)"
353,E,"(2541941, 2541943, 2541947, 2541949)",2541949,"(2541941, 2541943, 2541947)",2,4,"(2, 4)"
354,A,"(2546231, 2546233, 2546237, 2546239)",2546231,"(2546233, 2546237, 2546239)",4,2,"(4, 2)"
355,B,"(2552111, 2552113, 2552117, 2552119)",2552113,"(2552111, 2552117, 2552119)",6,2,"(6, 2)"
356,C,"(2552651, 2552653, 2552657, 2552659)",2552657,"(2552651, 2552653, 2552659)",2,6,"(2, 6)"
357,E,"(2561261, 2561263, 2561267, 2561269)",2561269,"(2561261, 2561263, 2561267)",2,4,"(2, 4)"
358,A,"(2564321, 2564323, 2564327, 2564329)",2564321,"(2564323, 2564327, 2564329)",4,2,"(4, 2)"
359,B,"(2576591, 2576593, 2576597, 2576599)",2576593,"(2576591, 2576597, 2576599)",6,2,"(6, 2)"
360,C,"(2594951, 2594953, 2594957, 2594959)",2594957,"(2594951, 2594953, 2594959)",2,6,"(2, 6)"
361,E,"(2594981, 2594983, 2594987, 2594989)",2594989,"(2594981, 2594983, 2594987)",2,4,"(2, 4)"
362,A,"(2596661, 2596663, 2596667, 2596669)",2596661,"(2596663, 2596667, 2596669)",4,2,"(4, 2)"
363,B,"(2604731, 2604733, 2604737, 2604739)",2604733,"(2604731, 2604737, 2604739)",6,2,"(6, 2)"
364,C,"(2614061, 2614063, 2614067, 2614069)",2614067,"(2614061, 2614063, 2614069)",2,6,"(2, 6)"
365,E,"(2635481, 2635483, 2635487, 2635489)",2635489,"(2635481, 2635483, 2635487)",2,4,"(2, 4)"
366,A,"(2668241, 2668243, 2668247, 2668249)",2668241,"(2668243, 2668247, 2668249)",4,2,"(4, 2)"
367,B,"(2673521, 2673523, 2673527, 2673529)",2673523,"(2673521, 2673527, 2673529)",6,2,"(6, 2)"
368,C,"(2674541, 2674543, 2674547, 2674549)",2674547,"(2674541, 2674543, 2674549)",2,6,"(2, 6)"
369,E,"(2679491, 2679493, 2679497, 2679499)",2679499,"(2679491, 2679493, 2679497)",2,4,"(2, 4)"
370,A,"(2683781, 2683783, 2683787, 2683789)",2683781,"(2683783, 2683787, 2683789)",4,2,"(4, 2)"
371,B,"(2696921, 2696923, 2696927, 2696929)",2696923,"(2696921, 2696927, 2696929)",6,2,"(6, 2)"
372,C,"(2704901, 2704903, 2704907, 2704909)",2704907,"(2704901, 2704903, 2704909)",2,6,"(2, 6)"
373,E,"(2712371, 2712373, 2712377, 2712379)",2712379,"(2712371, 2712373, 2712377)",2,4,"(2, 4)"
374,A,"(2715281, 2715283, 2715287, 2715289)",2715281,"(2715283, 2715287, 2715289)",4,2,"(4, 2)"
375,B,"(2728541, 2728543, 2728547, 2728549)",2728543,"(2728541, 2728547, 2728549)",6,2,"(6, 2)"
376,C,"(2731691, 2731693, 2731697, 2731699)",2731697,"(2731691, 2731693, 2731699)",2,6,"(2, 6)"
377,E,"(2731901, 2731903, 2731907, 2731909)",2731909,"(2731901, 2731903, 2731907)",2,4,"(2, 4)"
378,A,"(2759291, 2759293, 2759297, 2759299)",2759291,"(2759293, 2759297, 2759299)",4,2,"(4, 2)"
379,B,"(2761721, 2761723, 2761727, 2761729)",2761723,"(2761721, 2761727, 2761729)",6,2,"(6, 2)"
380,C,"(2764121, 2764123, 2764127, 2764129)",2764127,"(2764121, 2764123, 2764129)",2,6,"(2, 6)"
381,E,"(2790251, 2790253, 2790257, 2790259)",2790259,"(2790251, 2790253, 2790257)",2,4,"(2, 4)"
382,A,"(2805161, 2805163, 2805167, 2805169)",2805161,"(2805163, 2805167, 2805169)",4,2,"(4, 2)"
383,B,"(2822711, 2822713, 2822717, 2822719)",2822713,"(2822711, 2822717, 2822719)",6,2,"(6, 2)"
384,C,"(2839931, 2839933, 2839937, 2839939)",2839937,"(2839931, 2839933, 2839939)",2,6,"(2, 6)"
385,E,"(2840261, 2840263, 2840267, 2840269)",2840269,"(2840261, 2840263, 2840267)",2,4,"(2, 4)"
386,A,"(2846861, 2846863, 2846867, 2846869)",2846861,"(2846863, 2846867, 2846869)",4,2,"(4, 2)"
387,B,"(2849681, 2849683, 2849687, 2849689)",2849683,"(2849681, 2849687, 2849689)",6,2,"(6, 2)"
388,C,"(2875331, 2875333, 2875337, 2875339)",2875337,"(2875331, 2875333, 2875339)",2,6,"(2, 6)"
389,E,"(2879291, 2879293, 2879297, 2879299)",2879299,"(2879291, 2879293, 2879297)",2,4,"(2, 4)"
390,A,"(2893481, 2893483, 2893487, 2893489)",2893481,"(2893483, 2893487, 2893489)",4,2,"(4, 2)"
391,B,"(2918561, 2918563, 2918567, 2918569)",2918563,"(2918561, 2918567, 2918569)",6,2,"(6, 2)"
392,C,"(2927591, 2927593, 2927597, 2927599)",2927597,"(2927591, 2927593, 2927599)",2,6,"(2, 6)"
393,E,"(2927801, 2927803, 2927807, 2927809)",2927809,"(2927801, 2927803, 2927807)",2,4,"(2, 4)"
394,A,"(2952791, 2952793, 2952797, 2952799)",2952791,"(2952793, 2952797, 2952799)",4,2,"(4, 2)"
395,B,"(2954681, 2954683, 2954687, 2954689)",2954683,"(2954681, 2954687, 2954689)",6,2,"(6, 2)"
396,C,"(2989031, 2989033, 2989037, 2989039)",2989037,"(2989031, 2989033, 2989039)",2,6,"(2, 6)"
397,E,"(2990831, 2990833, 2990837, 2990839)",2990839,"(2990831, 2990833, 2990837)",2,4,"(2, 4)"
398,A,"(3047411, 3047413, 3047417, 3047419)",3047411,"(3047413, 3047417, 3047419)",4,2,"(4, 2)"
399,B,"(3058871, 3058873, 3058877, 3058879)",3058873,"(3058871, 3058877, 3058879)",6,2,"(6, 2)"
400,C,"(3062201, 3062203, 3062207, 3062209)",3062207,"(3062201, 3062203, 3062209)",2,6,"(2, 6)"
401,E,"(3063491, 3063493, 3063497, 3063499)",3063499,"(3063491, 3063493, 3063497)",2,4,"(2, 4)"
402,A,"(3066821, 3066823, 3066827, 3066829)",3066821,"(3066823, 3066827, 3066829)",4,2,"(4, 2)"
403,B,"(3076391, 3076393, 3076397, 3076399)",3076393,"(3076391, 3076397, 3076399)",6,2,"(6, 2)"
404,C,"(3089321, 3089323, 3089327, 3089329)",3089327,"(3089321, 3089323, 3089329)",2,6,"(2, 6)"
405,E,"(3092561, 3092563, 3092567, 3092569)",3092569,"(3092561, 3092563, 3092567)",2,4,"(2, 4)"
406,A,"(3101471, 3101473, 3101477, 3101479)",3101471,"(3101473, 3101477, 3101479)",4,2,"(4, 2)"
407,B,"(3103271, 3103273, 3103277, 3103279)",3103273,"(3103271, 3103277, 3103279)",6,2,"(6, 2)"
408,C,"(3129611, 3129613, 3129617, 3129619)",3129617,"(3129611, 3129613, 3129619)",2,6,"(2, 6)"
409,E,"(3153581, 3153583, 3153587, 3153589)",3153589,"(3153581, 3153583, 3153587)",2,4,"(2, 4)"
410,A,"(3157571, 3157573, 3157577, 3157579)",3157571,"(3157573, 3157577, 3157579)",4,2,"(4, 2)"
411,B,"(3171731, 3171733, 3171737, 3171739)",3171733,"(3171731, 3171737, 3171739)",6,2,"(6, 2)"
412,C,"(3187601, 3187603, 3187607, 3187609)",3187607,"(3187601, 3187603, 3187609)",2,6,"(2, 6)"
413,E,"(3200201, 3200203, 3200207, 3200209)",3200209,"(3200201, 3200203, 3200207)",2,4,"(2, 4)"
414,A,"(3207431, 3207433, 3207437, 3207439)",3207431,"(3207433, 3207437, 3207439)",4,2,"(4, 2)"
415,B,"(3208811, 3208813, 3208817, 3208819)",3208813,"(3208811, 3208817, 3208819)",6,2,"(6, 2)"
416,C,"(3215741, 3215743, 3215747, 3215749)",3215747,"(3215741, 3215743, 3215749)",2,6,"(2, 6)"
417,E,"(3224861, 3224863, 3224867, 3224869)",3224869,"(3224861, 3224863, 3224867)",2,4,"(2, 4)"
418,A,"(3243341, 3243343, 3243347, 3243349)",3243341,"(3243343, 3243347, 3243349)",4,2,"(4, 2)"
419,B,"(3277691, 3277693, 3277697, 3277699)",3277693,"(3277691, 3277697, 3277699)",6,2,"(6, 2)"
420,C,"(3295541, 3295543, 3295547, 3295549)",3295547,"(3295541, 3295543, 3295549)",2,6,"(2, 6)"
421,E,"(3308951, 3308953, 3308957, 3308959)",3308959,"(3308951, 3308953, 3308957)",2,4,"(2, 4)"
422,A,"(3326621, 3326623, 3326627, 3326629)",3326621,"(3326623, 3326627, 3326629)",4,2,"(4, 2)"
423,B,"(3328901, 3328903, 3328907, 3328909)",3328903,"(3328901, 3328907, 3328909)",6,2,"(6, 2)"
424,C,"(3340871, 3340873, 3340877, 3340879)",3340877,"(3340871, 3340873, 3340879)",2,6,"(2, 6)"
425,E,"(3366821, 3366823, 3366827, 3366829)",3366829,"(3366821, 3366823, 3366827)",2,4,"(2, 4)"
426,A,"(3371441, 3371443, 3371447, 3371449)",3371441,"(3371443, 3371447, 3371449)",4,2,"(4, 2)"
427,B,"(3374471, 3374473, 3374477, 3374479)",3374473,"(3374471, 3374477, 3374479)",6,2,"(6, 2)"
428,C,"(3378041, 3378043, 3378047, 3378049)",3378047,"(3378041, 3378043, 3378049)",2,6,"(2, 6)"
429,E,"(3400211, 3400213, 3400217, 3400219)",3400219,"(3400211, 3400213, 3400217)",2,4,"(2, 4)"
430,A,"(3416051, 3416053, 3416057, 3416059)",3416051,"(3416053, 3416057, 3416059)",4,2,"(4, 2)"
431,B,"(3436241, 3436243, 3436247, 3436249)",3436243,"(3436241, 3436247, 3436249)",6,2,"(6, 2)"
432,C,"(3437711, 3437713, 3437717, 3437719)",3437717,"(3437711, 3437713, 3437719)",2,6,"(2, 6)"
433,E,"(3467531, 3467533, 3467537, 3467539)",3467539,"(3467531, 3467533, 3467537)",2,4,"(2, 4)"
434,A,"(3479891, 3479893, 3479897, 3479899)",3479891,"(3479893, 3479897, 3479899)",4,2,"(4, 2)"
435,B,"(3512051, 3512053, 3512057, 3512059)",3512053,"(3512051, 3512057, 3512059)",6,2,"(6, 2)"
436,C,"(3512231, 3512233, 3512237, 3512239)",3512237,"(3512231, 3512233, 3512239)",2,6,"(2, 6)"
437,E,"(3512981, 3512983, 3512987, 3512989)",3512989,"(3512981, 3512983, 3512987)",2,4,"(2, 4)"
438,A,"(3513071, 3513073, 3513077, 3513079)",3513071,"(3513073, 3513077, 3513079)",4,2,"(4, 2)"
439,B,"(3514541, 3514543, 3514547, 3514549)",3514543,"(3514541, 3514547, 3514549)",6,2,"(6, 2)"
440,C,"(3518321, 3518323, 3518327, 3518329)",3518327,"(3518321, 3518323, 3518329)",2,6,"(2, 6)"
441,E,"(3550691, 3550693, 3550697, 3550699)",3550699,"(3550691, 3550693, 3550697)",2,4,"(2, 4)"
442,A,"(3584921, 3584923, 3584927, 3584929)",3584921,"(3584923, 3584927, 3584929)",4,2,"(4, 2)"
443,B,"(3586901, 3586903, 3586907, 3586909)",3586903,"(3586901, 3586907, 3586909)",6,2,"(6, 2)"
444,C,"(3593501, 3593503, 3593507, 3593509)",3593507,"(3593501, 3593503, 3593509)",2,6,"(2, 6)"
445,E,"(3621461, 3621463, 3621467, 3621469)",3621469,"(3621461, 3621463, 3621467)",2,4,"(2, 4)"
446,A,"(3652931, 3652933, 3652937, 3652939)",3652931,"(3652933, 3652937, 3652939)",4,2,"(4, 2)"
447,B,"(3669761, 3669763, 3669767, 3669769)",3669763,"(3669761, 3669767, 3669769)",6,2,"(6, 2)"
448,C,"(3690521, 3690523, 3690527, 3690529)",3690527,"(3690521, 3690523, 3690529)",2,6,"(2, 6)"
449,E,"(3713441, 3713443, 3713447, 3713449)",3713449,"(3713441, 3713443, 3713447)",2,4,"(2, 4)"
450,A,"(3727721, 3727723, 3727727, 3727729)",3727721,"(3727723, 3727727, 3727729)",4,2,"(4, 2)"
451,B,"(3735161, 3735163, 3735167, 3735169)",3735163,"(3735161, 3735167, 3735169)",6,2,"(6, 2)"
452,C,"(3741161, 3741163, 3741167, 3741169)",3741167,"(3741161, 3741163, 3741169)",2,6,"(2, 6)"
453,E,"(3798071, 3798073, 3798077, 3798079)",3798079,"(3798071, 3798073, 3798077)",2,4,"(2, 4)"
454,A,"(3817811, 3817813, 3817817, 3817819)",3817811,"(3817813, 3817817, 3817819)",4,2,"(4, 2)"
455,B,"(3837131, 3837133, 3837137, 3837139)",3837133,"(3837131, 3837137, 3837139)",6,2,"(6, 2)"
456,C,"(3837851, 3837853, 3837857, 3837859)",3837857,"(3837851, 3837853, 3837859)",2,6,"(2, 6)"
457,E,"(3849821, 3849823, 3849827, 3849829)",3849829,"(3849821, 3849823, 3849827)",2,4,"(2, 4)"
458,A,"(3854111, 3854113, 3854117, 3854119)",3854111,"(3854113, 3854117, 3854119)",4,2,"(4, 2)"
459,B,"(3894041, 3894043, 3894047, 3894049)",3894043,"(3894041, 3894047, 3894049)",6,2,"(6, 2)"
460,C,"(3919211, 3919213, 3919217, 3919219)",3919217,"(3919211, 3919213, 3919219)",2,6,"(2, 6)"
461,E,"(3919241, 3919243, 3919247, 3919249)",3919249,"(3919241, 3919243, 3919247)",2,4,"(2, 4)"
462,A,"(3951551, 3951553, 3951557, 3951559)",3951551,"(3951553, 3951557, 3951559)",4,2,"(4, 2)"
463,B,"(3974351, 3974353, 3974357, 3974359)",3974353,"(3974351, 3974357, 3974359)",6,2,"(6, 2)"
464,C,"(3974681, 3974683, 3974687, 3974689)",3974687,"(3974681, 3974683, 3974689)",2,6,"(2, 6)"
465,E,"(3975701, 3975703, 3975707, 3975709)",3975709,"(3975701, 3975703, 3975707)",2,4,"(2, 4)"
466,A,"(3995441, 3995443, 3995447, 3995449)",3995441,"(3995443, 3995447, 3995449)",4,2,"(4, 2)"
467,B,"(3996521, 3996523, 3996527, 3996529)",3996523,"(3996521, 3996527, 3996529)",6,2,"(6, 2)"
468,C,"(4015931, 4015933, 4015937, 4015939)",4015937,"(4015931, 4015933, 4015939)",2,6,"(2, 6)"
469,E,"(4016561, 4016563, 4016567, 4016569)",4016569,"(4016561, 4016563, 4016567)",2,4,"(2, 4)"
470,A,"(4032401, 4032403, 4032407, 4032409)",4032401,"(4032403, 4032407, 4032409)",4,2,"(4, 2)"
471,B,"(4039661, 4039663, 4039667, 4039669)",4039663,"(4039661, 4039667, 4039669)",6,2,"(6, 2)"
472,C,"(4042601, 4042603, 4042607, 4042609)",4042607,"(4042601, 4042603, 4042609)",2,6,"(2, 6)"
473,E,"(4058471, 4058473, 4058477, 4058479)",4058479,"(4058471, 4058473, 4058477)",2,4,"(2, 4)"
474,A,"(4059191, 4059193, 4059197, 4059199)",4059191,"(4059193, 4059197, 4059199)",4,2,"(4, 2)"
475,B,"(4092701, 4092703, 4092707, 4092709)",4092703,"(4092701, 4092707, 4092709)",6,2,"(6, 2)"
476,C,"(4098461, 4098463, 4098467, 4098469)",4098467,"(4098461, 4098463, 4098469)",2,6,"(2, 6)"
477,E,"(4110341, 4110343, 4110347, 4110349)",4110349,"(4110341, 4110343, 4110347)",2,4,"(2, 4)"
478,A,"(4138241, 4138243, 4138247, 4138249)",4138241,"(4138243, 4138247, 4138249)",4,2,"(4, 2)"
479,B,"(4144961, 4144963, 4144967, 4144969)",4144963,"(4144961, 4144967, 4144969)",6,2,"(6, 2)"
480,C,"(4155911, 4155913, 4155917, 4155919)",4155917,"(4155911, 4155913, 4155919)",2,6,"(2, 6)"
481,E,"(4157891, 4157893, 4157897, 4157899)",4157899,"(4157891, 4157893, 4157897)",2,4,"(2, 4)"
482,A,"(4174601, 4174603, 4174607, 4174609)",4174601,"(4174603, 4174607, 4174609)",4,2,"(4, 2)"
483,B,"(4185911, 4185913, 4185917, 4185919)",4185913,"(4185911, 4185917, 4185919)",6,2,"(6, 2)"
484,C,"(4208621, 4208623, 4208627, 4208629)",4208627,"(4208621, 4208623, 4208629)",2,6,"(2, 6)"
485,E,"(4218281, 4218283, 4218287, 4218289)",4218289,"(4218281, 4218283, 4218287)",2,4,"(2, 4)"
486,A,"(4224371, 4224373, 4224377, 4224379)",4224371,"(4224373, 4224377, 4224379)",4,2,"(4, 2)"
487,B,"(4234421, 4234423, 4234427, 4234429)",4234423,"(4234421, 4234427, 4234429)",6,2,"(6, 2)"
488,C,"(4257521, 4257523, 4257527, 4257529)",4257527,"(4257521, 4257523, 4257529)",2,6,"(2, 6)"
489,E,"(4262171, 4262173, 4262177, 4262179)",4262179,"(4262171, 4262173, 4262177)",2,4,"(2, 4)"
490,A,"(4265081, 4265083, 4265087, 4265089)",4265081,"(4265083, 4265087, 4265089)",4,2,"(4, 2)"
491,B,"(4265711, 4265713, 4265717, 4265719)",4265713,"(4265711, 4265717, 4265719)",6,2,"(6, 2)"
492,C,"(4285661, 4285663, 4285667, 4285669)",4285667,"(4285661, 4285663, 4285669)",2,6,"(2, 6)"
493,E,"(4300181, 4300183, 4300187, 4300189)",4300189,"(4300181, 4300183, 4300187)",2,4,"(2, 4)"
494,A,"(4316771, 4316773, 4316777, 4316779)",4316771,"(4316773, 4316777, 4316779)",4,2,"(4, 2)"
495,B,"(4326401, 4326403, 4326407, 4326409)",4326403,"(4326401, 4326407, 4326409)",6,2,"(6, 2)"
496,C,"(4332611, 4332613, 4332617, 4332619)",4332617,"(4332611, 4332613, 4332619)",2,6,"(2, 6)"
497,E,"(4336091, 4336093, 4336097, 4336099)",4336099,"(4336091, 4336093, 4336097)",2,4,"(2, 4)"
498,A,"(4353311, 4353313, 4353317, 4353319)",4353311,"(4353313, 4353317, 4353319)",4,2,"(4, 2)"
499,B,"(4361471, 4361473, 4361477, 4361479)",4361473,"(4361471, 4361477, 4361479)",6,2,"(6, 2)"
500,C,"(4370081, 4370083, 4370087, 4370089)",4370087,"(4370081, 4370083, 4370089)",2,6,"(2, 6)"
501,E,"(4377671, 4377673, 4377677, 4377679)",4377679,"(4377671, 4377673, 4377677)",2,4,"(2, 4)"
502,A,"(4396781, 4396783, 4396787, 4396789)",4396781,"(4396783, 4396787, 4396789)",4,2,"(4, 2)"
503,B,"(4404551, 4404553, 4404557, 4404559)",4404553,"(4404551, 4404557, 4404559)",6,2,"(6, 2)"
504,C,"(4405691, 4405693, 4405697, 4405699)",4405697,"(4405691, 4405693, 4405699)",2,6,"(2, 6)"
505,E,"(4413581, 4413583, 4413587, 4413589)",4413589,"(4413581, 4413583, 4413587)",2,4,"(2, 4)"
506,A,"(4415441, 4415443, 4415447, 4415449)",4415441,"(4415443, 4415447, 4415449)",4,2,"(4, 2)"
507,B,"(4453481, 4453483, 4453487, 4453489)",4453483,"(4453481, 4453487, 4453489)",6,2,"(6, 2)"
508,C,"(4467011, 4467013, 4467017, 4467019)",4467017,"(4467011, 4467013, 4467019)",2,6,"(2, 6)"
509,E,"(4487801, 4487803, 4487807, 4487809)",4487809,"(4487801, 4487803, 4487807)",2,4,"(2, 4)"
510,A,"(4510481, 4510483, 4510487, 4510489)",4510481,"(4510483, 4510487, 4510489)",4,2,"(4, 2)"
511,B,"(4529381, 4529383, 4529387, 4529389)",4529383,"(4529381, 4529387, 4529389)",6,2,"(6, 2)"
512,C,"(4540091, 4540093, 4540097, 4540099)",4540097,"(4540091, 4540093, 4540099)",2,6,"(2, 6)"
513,E,"(4543241, 4543243, 4543247, 4543249)",4543249,"(4543241, 4543243, 4543247)",2,4,"(2, 4)"
514,A,"(4544201, 4544203, 4544207, 4544209)",4544201,"(4544203, 4544207, 4544209)",4,2,"(4, 2)"
515,B,"(4561631, 4561633, 4561637, 4561639)",4561633,"(4561631, 4561637, 4561639)",6,2,"(6, 2)"
516,C,"(4575281, 4575283, 4575287, 4575289)",4575287,"(4575281, 4575283, 4575289)",2,6,"(2, 6)"
517,E,"(4579871, 4579873, 4579877, 4579879)",4579879,"(4579871, 4579873, 4579877)",2,4,"(2, 4)"
518,A,"(4596071, 4596073, 4596077, 4596079)",4596071,"(4596073, 4596077, 4596079)",4,2,"(4, 2)"
519,B,"(4606571, 4606573, 4606577, 4606579)",4606573,"(4606571, 4606577, 4606579)",6,2,"(6, 2)"
520,C,"(4609301, 4609303, 4609307, 4609309)",4609307,"(4609301, 4609303, 4609309)",2,6,"(2, 6)"
521,E,"(4615601, 4615603, 4615607, 4615609)",4615609,"(4615601, 4615603, 4615607)",2,4,"(2, 4)"
522,A,"(4627871, 4627873, 4627877, 4627879)",4627871,"(4627873, 4627877, 4627879)",4,2,"(4, 2)"
523,B,"(4635971, 4635973, 4635977, 4635979)",4635973,"(4635971, 4635977, 4635979)",6,2,"(6, 2)"
524,C,"(4647281, 4647283, 4647287, 4647289)",4647287,"(4647281, 4647283, 4647289)",2,6,"(2, 6)"
525,E,"(4660541, 4660543, 4660547, 4660549)",4660549,"(4660541, 4660543, 4660547)",2,4,"(2, 4)"
526,A,"(4675241, 4675243, 4675247, 4675249)",4675241,"(4675243, 4675247, 4675249)",4,2,"(4, 2)"
527,B,"(4693691, 4693693, 4693697, 4693699)",4693693,"(4693691, 4693697, 4693699)",6,2,"(6, 2)"
528,C,"(4706411, 4706413, 4706417, 4706419)",4706417,"(4706411, 4706413, 4706419)",2,6,"(2, 6)"
529,E,"(4707971, 4707973, 4707977, 4707979)",4707979,"(4707971, 4707973, 4707977)",2,4,"(2, 4)"
530,A,"(4734671, 4734673, 4734677, 4734679)",4734671,"(4734673, 4734677, 4734679)",4,2,"(4, 2)"
531,B,"(4740641, 4740643, 4740647, 4740649)",4740643,"(4740641, 4740647, 4740649)",6,2,"(6, 2)"
532,C,"(4743701, 4743703, 4743707, 4743709)",4743707,"(4743701, 4743703, 4743709)",2,6,"(2, 6)"
533,E,"(4796081, 4796083, 4796087, 4796089)",4796089,"(4796081, 4796083, 4796087)",2,4,"(2, 4)"
534,A,"(4809941, 4809943, 4809947, 4809949)",4809941,"(4809943, 4809947, 4809949)",4,2,"(4, 2)"
535,B,"(4832411, 4832413, 4832417, 4832419)",4832413,"(4832411, 4832417, 4832419)",6,2,"(6, 2)"
536,C,"(4833131, 4833133, 4833137, 4833139)",4833137,"(4833131, 4833133, 4833139)",2,6,"(2, 6)"
537,E,"(4852451, 4852453, 4852457, 4852459)",4852459,"(4852451, 4852453, 4852457)",2,4,"(2, 4)"
538,A,"(4868651, 4868653, 4868657, 4868659)",4868651,"(4868653, 4868657, 4868659)",4,2,"(4, 2)"
539,B,"(4875251, 4875253, 4875257, 4875259)",4875253,"(4875251, 4875257, 4875259)",6,2,"(6, 2)"
540,C,"(4900451, 4900453, 4900457, 4900459)",4900457,"(4900451, 4900453, 4900459)",2,6,"(2, 6)"
541,E,"(4950131, 4950133, 4950137, 4950139)",4950139,"(4950131, 4950133, 4950137)",2,4,"(2, 4)"
542,A,"(4956821, 4956823, 4956827, 4956829)",4956821,"(4956823, 4956827, 4956829)",4,2,"(4, 2)"
543,B,"(4959041, 4959043, 4959047, 4959049)",4959043,"(4959041, 4959047, 4959049)",6,2,"(6, 2)"
544,C,"(4972061, 4972063, 4972067, 4972069)",4972067,"(4972061, 4972063, 4972069)",2,6,"(2, 6)"
545,E,"(4977431, 4977433, 4977437, 4977439)",4977439,"(4977431, 4977433, 4977437)",2,4,"(2, 4)"
546,A,"(4997381, 4997383, 4997387, 4997389)",4997381,"(4997383, 4997387, 4997389)",4,2,"(4, 2)"
547,B,"(5025071, 5025073, 5025077, 5025079)",5025073,"(5025071, 5025077, 5025079)",6,2,"(6, 2)"
548,C,"(5037911, 5037913, 5037917, 5037919)",5037917,"(5037911, 5037913, 5037919)",2,6,"(2, 6)"
549,E,"(5047121, 5047123, 5047127, 5047129)",5047129,"(5047121, 5047123, 5047127)",2,4,"(2, 4)"
550,A,"(5073371, 5073373, 5073377, 5073379)",5073371,"(5073373, 5073377, 5073379)",4,2,"(4, 2)"
551,B,"(5074871, 5074873, 5074877, 5074879)",5074873,"(5074871, 5074877, 5074879)",6,2,"(6, 2)"
552,C,"(5146481, 5146483, 5146487, 5146489)",5146487,"(5146481, 5146483, 5146489)",2,6,"(2, 6)"
553,E,"(5154761, 5154763, 5154767, 5154769)",5154769,"(5154761, 5154763, 5154767)",2,4,"(2, 4)"
554,A,"(5158031, 5158033, 5158037, 5158039)",5158031,"(5158033, 5158037, 5158039)",4,2,"(4, 2)"
555,B,"(5168921, 5168923, 5168927, 5168929)",5168923,"(5168921, 5168927, 5168929)",6,2,"(6, 2)"
556,C,"(5184791, 5184793, 5184797, 5184799)",5184797,"(5184791, 5184793, 5184799)",2,6,"(2, 6)"
557,E,"(5201291, 5201293, 5201297, 5201299)",5201299,"(5201291, 5201293, 5201297)",2,4,"(2, 4)"
558,A,"(5205461, 5205463, 5205467, 5205469)",5205461,"(5205463, 5205467, 5205469)",4,2,"(4, 2)"
559,B,"(5229401, 5229403, 5229407, 5229409)",5229403,"(5229401, 5229407, 5229409)",6,2,"(6, 2)"
560,C,"(5234681, 5234683, 5234687, 5234689)",5234687,"(5234681, 5234683, 5234689)",2,6,"(2, 6)"
561,E,"(5239181, 5239183, 5239187, 5239189)",5239189,"(5239181, 5239183, 5239187)",2,4,"(2, 4)"
562,A,"(5248091, 5248093, 5248097, 5248099)",5248091,"(5248093, 5248097, 5248099)",4,2,"(4, 2)"
563,B,"(5251781, 5251783, 5251787, 5251789)",5251783,"(5251781, 5251787, 5251789)",6,2,"(6, 2)"
564,C,"(5253761, 5253763, 5253767, 5253769)",5253767,"(5253761, 5253763, 5253769)",2,6,"(2, 6)"
565,E,"(5261741, 5261743, 5261747, 5261749)",5261749,"(5261741, 5261743, 5261747)",2,4,"(2, 4)"
566,A,"(5274161, 5274163, 5274167, 5274169)",5274161,"(5274163, 5274167, 5274169)",4,2,"(4, 2)"
567,B,"(5274671, 5274673, 5274677, 5274679)",5274673,"(5274671, 5274677, 5274679)",6,2,"(6, 2)"
568,C,"(5278571, 5278573, 5278577, 5278579)",5278577,"(5278571, 5278573, 5278579)",2,6,"(2, 6)"
569,E,"(5318891, 5318893, 5318897, 5318899)",5318899,"(5318891, 5318893, 5318897)",2,4,"(2, 4)"
570,A,"(5327891, 5327893, 5327897, 5327899)",5327891,"(5327893, 5327897, 5327899)",4,2,"(4, 2)"
571,B,"(5381861, 5381863, 5381867, 5381869)",5381863,"(5381861, 5381867, 5381869)",6,2,"(6, 2)"
572,C,"(5382101, 5382103, 5382107, 5382109)",5382107,"(5382101, 5382103, 5382109)",2,6,"(2, 6)"
573,E,"(5417381, 5417383, 5417387, 5417389)",5417389,"(5417381, 5417383, 5417387)",2,4,"(2, 4)"
574,A,"(5425751, 5425753, 5425757, 5425759)",5425751,"(5425753, 5425757, 5425759)",4,2,"(4, 2)"
575,B,"(5436281, 5436283, 5436287, 5436289)",5436283,"(5436281, 5436287, 5436289)",6,2,"(6, 2)"
576,C,"(5450111, 5450113, 5450117, 5450119)",5450117,"(5450111, 5450113, 5450119)",2,6,"(2, 6)"
577,E,"(5461991, 5461993, 5461997, 5461999)",5461999,"(5461991, 5461993, 5461997)",2,4,"(2, 4)"
578,A,"(5465351, 5465353, 5465357, 5465359)",5465351,"(5465353, 5465357, 5465359)",4,2,"(4, 2)"
579,B,"(5484131, 5484133, 5484137, 5484139)",5484133,"(5484131, 5484137, 5484139)",6,2,"(6, 2)"
580,C,"(5499071, 5499073, 5499077, 5499079)",5499077,"(5499071, 5499073, 5499079)",2,6,"(2, 6)"
581,E,"(5527001, 5527003, 5527007, 5527009)",5527009,"(5527001, 5527003, 5527007)",2,4,"(2, 4)"
582,A,"(5610461, 5610463, 5610467, 5610469)",5610461,"(5610463, 5610467, 5610469)",4,2,"(4, 2)"
583,B,"(5614151, 5614153, 5614157, 5614159)",5614153,"(5614151, 5614157, 5614159)",6,2,"(6, 2)"
584,C,"(5651741, 5651743, 5651747, 5651749)",5651747,"(5651741, 5651743, 5651749)",2,6,"(2, 6)"
585,E,"(5675141, 5675143, 5675147, 5675149)",5675149,"(5675141, 5675143, 5675147)",2,4,"(2, 4)"
586,A,"(5698571, 5698573, 5698577, 5698579)",5698571,"(5698573, 5698577, 5698579)",4,2,"(4, 2)"
587,B,"(5732141, 5732143, 5732147, 5732149)",5732143,"(5732141, 5732147, 5732149)",6,2,"(6, 2)"
588,C,"(5733521, 5733523, 5733527, 5733529)",5733527,"(5733521, 5733523, 5733529)",2,6,"(2, 6)"
589,E,"(5734691, 5734693, 5734697, 5734699)",5734699,"(5734691, 5734693, 5734697)",2,4,"(2, 4)"
590,A,"(5760101, 5760103, 5760107, 5760109)",5760101,"(5760103, 5760107, 5760109)",4,2,"(4, 2)"
591,B,"(5774141, 5774143, 5774147, 5774149)",5774143,"(5774141, 5774147, 5774149)",6,2,"(6, 2)"
592,C,"(5805251, 5805253, 5805257, 5805259)",5805257,"(5805251, 5805253, 5805259)",2,6,"(2, 6)"
593,E,"(5839571, 5839573, 5839577, 5839579)",5839579,"(5839571, 5839573, 5839577)",2,4,"(2, 4)"
594,A,"(5841461, 5841463, 5841467, 5841469)",5841461,"(5841463, 5841467, 5841469)",4,2,"(4, 2)"
595,B,"(5851421, 5851423, 5851427, 5851429)",5851423,"(5851421, 5851427, 5851429)",6,2,"(6, 2)"
596,C,"(5860241, 5860243, 5860247, 5860249)",5860247,"(5860241, 5860243, 5860249)",2,6,"(2, 6)"
597,E,"(5892701, 5892703, 5892707, 5892709)",5892709,"(5892701, 5892703, 5892707)",2,4,"(2, 4)"
598,A,"(5908451, 5908453, 5908457, 5908459)",5908451,"(5908453, 5908457, 5908459)",4,2,"(4, 2)"
599,B,"(5922221, 5922223, 5922227, 5922229)",5922223,"(5922221, 5922227, 5922229)",6,2,"(6, 2)"
600,C,"(5928821, 5928823, 5928827, 5928829)",5928827,"(5928821, 5928823, 5928829)",2,6,"(2, 6)"
601,E,"(5930921, 5930923, 5930927, 5930929)",5930929,"(5930921, 5930923, 5930927)",2,4,"(2, 4)"
602,A,"(5937851, 5937853, 5937857, 5937859)",5937851,"(5937853, 5937857, 5937859)",4,2,"(4, 2)"
603,B,"(5938781, 5938783, 5938787, 5938789)",5938783,"(5938781, 5938787, 5938789)",6,2,"(6, 2)"
604,C,"(5969651, 5969653, 5969657, 5969659)",5969657,"(5969651, 5969653, 5969659)",2,6,"(2, 6)"
605,E,"(5977331, 5977333, 5977337, 5977339)",5977339,"(5977331, 5977333, 5977337)",2,4,"(2, 4)"
606,A,"(5986031, 5986033, 5986037, 5986039)",5986031,"(5986033, 5986037, 5986039)",4,2,"(4, 2)"
607,B,"(6005891, 6005893, 6005897, 6005899)",6005893,"(6005891, 6005897, 6005899)",6,2,"(6, 2)"
608,C,"(6013151, 6013153, 6013157, 6013159)",6013157,"(6013151, 6013153, 6013159)",2,6,"(2, 6)"
609,E,"(6016091, 6016093, 6016097, 6016099)",6016099,"(6016091, 6016093, 6016097)",2,4,"(2, 4)"
610,A,"(6023651, 6023653, 6023657, 6023659)",6023651,"(6023653, 6023657, 6023659)",4,2,"(4, 2)"
611,B,"(6024041, 6024043, 6024047, 6024049)",6024043,"(6024041, 6024047, 6024049)",6,2,"(6, 2)"
612,C,"(6054281, 6054283, 6054287, 6054289)",6054287,"(6054281, 6054283, 6054289)",2,6,"(2, 6)"
613,E,"(6056201, 6056203, 6056207, 6056209)",6056209,"(6056201, 6056203, 6056207)",2,4,"(2, 4)"
614,A,"(6066581, 6066583, 6066587, 6066589)",6066581,"(6066583, 6066587, 6066589)",4,2,"(4, 2)"
615,B,"(6102911, 6102913, 6102917, 6102919)",6102913,"(6102911, 6102917, 6102919)",6,2,"(6, 2)"
616,C,"(6106481, 6106483, 6106487, 6106489)",6106487,"(6106481, 6106483, 6106489)",2,6,"(2, 6)"
617,E,"(6130541, 6130543, 6130547, 6130549)",6130549,"(6130541, 6130543, 6130547)",2,4,"(2, 4)"
618,A,"(6136211, 6136213, 6136217, 6136219)",6136211,"(6136213, 6136217, 6136219)",4,2,"(4, 2)"
619,B,"(6144371, 6144373, 6144377, 6144379)",6144373,"(6144371, 6144377, 6144379)",6,2,"(6, 2)"
620,C,"(6153311, 6153313, 6153317, 6153319)",6153317,"(6153311, 6153313, 6153319)",2,6,"(2, 6)"
621,E,"(6156971, 6156973, 6156977, 6156979)",6156979,"(6156971, 6156973, 6156977)",2,4,"(2, 4)"
622,A,"(6177881, 6177883, 6177887, 6177889)",6177881,"(6177883, 6177887, 6177889)",4,2,"(4, 2)"
623,B,"(6187451, 6187453, 6187457, 6187459)",6187453,"(6187451, 6187457, 6187459)",6,2,"(6, 2)"
624,C,"(6193301, 6193303, 6193307, 6193309)",6193307,"(6193301, 6193303, 6193309)",2,6,"(2, 6)"
625,E,"(6201491, 6201493, 6201497, 6201499)",6201499,"(6201491, 6201493, 6201497)",2,4,"(2, 4)"
626,A,"(6213791, 6213793, 6213797, 6213799)",6213791,"(6213793, 6213797, 6213799)",4,2,"(4, 2)"
627,B,"(6250421, 6250423, 6250427, 6250429)",6250423,"(6250421, 6250427, 6250429)",6,2,"(6, 2)"
628,C,"(6261371, 6261373, 6261377, 6261379)",6261377,"(6261371, 6261373, 6261379)",2,6,"(2, 6)"
629,E,"(6287921, 6287923, 6287927, 6287929)",6287929,"(6287921, 6287923, 6287927)",2,4,"(2, 4)"
630,A,"(6297581, 6297583, 6297587, 6297589)",6297581,"(6297583, 6297587, 6297589)",4,2,"(4, 2)"
631,B,"(6299141, 6299143, 6299147, 6299149)",6299143,"(6299141, 6299147, 6299149)",6,2,"(6, 2)"
632,C,"(6324551, 6324553, 6324557, 6324559)",6324557,"(6324551, 6324553, 6324559)",2,6,"(2, 6)"
633,E,"(6329501, 6329503, 6329507, 6329509)",6329509,"(6329501, 6329503, 6329507)",2,4,"(2, 4)"
634,A,"(6332861, 6332863, 6332867, 6332869)",6332861,"(6332863, 6332867, 6332869)",4,2,"(4, 2)"
635,B,"(6334871, 6334873, 6334877, 6334879)",6334873,"(6334871, 6334877, 6334879)",6,2,"(6, 2)"
636,C,"(6359231, 6359233, 6359237, 6359239)",6359237,"(6359231, 6359233, 6359239)",2,6,"(2, 6)"
637,E,"(6378131, 6378133, 6378137, 6378139)",6378139,"(6378131, 6378133, 6378137)",2,4,"(2, 4)"
638,A,"(6402161, 6402163, 6402167, 6402169)",6402161,"(6402163, 6402167, 6402169)",4,2,"(4, 2)"
639,B,"(6404771, 6404773, 6404777, 6404779)",6404773,"(6404771, 6404777, 6404779)",6,2,"(6, 2)"
640,C,"(6406571, 6406573, 6406577, 6406579)",6406577,"(6406571, 6406573, 6406579)",2,6,"(2, 6)"
641,E,"(6419291, 6419293, 6419297, 6419299)",6419299,"(6419291, 6419293, 6419297)",2,4,"(2, 4)"
642,A,"(6438191, 6438193, 6438197, 6438199)",6438191,"(6438193, 6438197, 6438199)",4,2,"(4, 2)"
643,B,"(6464201, 6464203, 6464207, 6464209)",6464203,"(6464201, 6464207, 6464209)",6,2,"(6, 2)"
644,C,"(6471131, 6471133, 6471137, 6471139)",6471137,"(6471131, 6471133, 6471139)",2,6,"(2, 6)"
645,E,"(6474821, 6474823, 6474827, 6474829)",6474829,"(6474821, 6474823, 6474827)",2,4,"(2, 4)"
646,A,"(6484061, 6484063, 6484067, 6484069)",6484061,"(6484063, 6484067, 6484069)",4,2,"(4, 2)"
647,B,"(6495941, 6495943, 6495947, 6495949)",6495943,"(6495941, 6495947, 6495949)",6,2,"(6, 2)"
648,C,"(6498221, 6498223, 6498227, 6498229)",6498227,"(6498221, 6498223, 6498229)",2,6,"(2, 6)"
649,E,"(6501791, 6501793, 6501797, 6501799)",6501799,"(6501791, 6501793, 6501797)",2,4,"(2, 4)"
650,A,"(6503591, 6503593, 6503597, 6503599)",6503591,"(6503593, 6503597, 6503599)",4,2,"(4, 2)"
651,B,"(6509681, 6509683, 6509687, 6509689)",6509683,"(6509681, 6509687, 6509689)",6,2,"(6, 2)"
652,C,"(6510191, 6510193, 6510197, 6510199)",6510197,"(6510191, 6510193, 6510199)",2,6,"(2, 6)"
653,E,"(6512081, 6512083, 6512087, 6512089)",6512089,"(6512081, 6512083, 6512087)",2,4,"(2, 4)"
654,A,"(6528671, 6528673, 6528677, 6528679)",6528671,"(6528673, 6528677, 6528679)",4,2,"(4, 2)"
655,B,"(6556601, 6556603, 6556607, 6556609)",6556603,"(6556601, 6556607, 6556609)",6,2,"(6, 2)"
656,C,"(6561011, 6561013, 6561017, 6561019)",6561017,"(6561011, 6561013, 6561019)",2,6,"(2, 6)"
657,E,"(6578651, 6578653, 6578657, 6578659)",6578659,"(6578651, 6578653, 6578657)",2,4,"(2, 4)"
658,A,"(6582461, 6582463, 6582467, 6582469)",6582461,"(6582463, 6582467, 6582469)",4,2,"(4, 2)"
659,B,"(6595571, 6595573, 6595577, 6595579)",6595573,"(6595571, 6595577, 6595579)",6,2,"(6, 2)"
660,C,"(6600491, 6600493, 6600497, 6600499)",6600497,"(6600491, 6600493, 6600499)",2,6,"(2, 6)"
661,E,"(6601781, 6601783, 6601787, 6601789)",6601789,"(6601781, 6601783, 6601787)",2,4,"(2, 4)"
662,A,"(6602201, 6602203, 6602207, 6602209)",6602201,"(6602203, 6602207, 6602209)",4,2,"(4, 2)"
663,B,"(6613331, 6613333, 6613337, 6613339)",6613333,"(6613331, 6613337, 6613339)",6,2,"(6, 2)"
664,C,"(6616781, 6616783, 6616787, 6616789)",6616787,"(6616781, 6616783, 6616789)",2,6,"(2, 6)"
665,E,"(6621281, 6621283, 6621287, 6621289)",6621289,"(6621281, 6621283, 6621287)",2,4,"(2, 4)"
666,A,"(6631901, 6631903, 6631907, 6631909)",6631901,"(6631903, 6631907, 6631909)",4,2,"(4, 2)"
667,B,"(6641351, 6641353, 6641357, 6641359)",6641353,"(6641351, 6641357, 6641359)",6,2,"(6, 2)"
668,C,"(6655541, 6655543, 6655547, 6655549)",6655547,"(6655541, 6655543, 6655549)",2,6,"(2, 6)"
669,E,"(6655631, 6655633, 6655637, 6655639)",6655639,"(6655631, 6655633, 6655637)",2,4,"(2, 4)"
670,A,"(6692261, 6692263, 6692267, 6692269)",6692261,"(6692263, 6692267, 6692269)",4,2,"(4, 2)"
671,B,"(6699611, 6699613, 6699617, 6699619)",6699613,"(6699611, 6699617, 6699619)",6,2,"(6, 2)"
672,C,"(6700691, 6700693, 6700697, 6700699)",6700697,"(6700691, 6700693, 6700699)",2,6,"(2, 6)"
673,E,"(6708851, 6708853, 6708857, 6708859)",6708859,"(6708851, 6708853, 6708857)",2,4,"(2, 4)"
674,A,"(6715271, 6715273, 6715277, 6715279)",6715271,"(6715273, 6715277, 6715279)",4,2,"(4, 2)"
675,B,"(6715991, 6715993, 6715997, 6715999)",6715993,"(6715991, 6715997, 6715999)",6,2,"(6, 2)"
676,C,"(6727541, 6727543, 6727547, 6727549)",6727547,"(6727541, 6727543, 6727549)",2,6,"(2, 6)"
677,E,"(6735011, 6735013, 6735017, 6735019)",6735019,"(6735011, 6735013, 6735017)",2,4,"(2, 4)"
678,A,"(6740471, 6740473, 6740477, 6740479)",6740471,"(6740473, 6740477, 6740479)",4,2,"(4, 2)"
679,B,"(6753821, 6753823, 6753827, 6753829)",6753823,"(6753821, 6753827, 6753829)",6,2,"(6, 2)"
680,C,"(6758951, 6758953, 6758957, 6758959)",6758957,"(6758951, 6758953, 6758959)",2,6,"(2, 6)"
681,E,"(6760001, 6760003, 6760007, 6760009)",6760009,"(6760001, 6760003, 6760007)",2,4,"(2, 4)"
682,A,"(6787631, 6787633, 6787637, 6787639)",6787631,"(6787633, 6787637, 6787639)",4,2,"(4, 2)"
683,B,"(6796631, 6796633, 6796637, 6796639)",6796633,"(6796631, 6796637, 6796639)",6,2,"(6, 2)"
684,C,"(6843371, 6843373, 6843377, 6843379)",6843377,"(6843371, 6843373, 6843379)",2,6,"(2, 6)"
685,E,"(6880871, 6880873, 6880877, 6880879)",6880879,"(6880871, 6880873, 6880877)",2,4,"(2, 4)"
686,A,"(6884741, 6884743, 6884747, 6884749)",6884741,"(6884743, 6884747, 6884749)",4,2,"(4, 2)"
687,B,"(6900911, 6900913, 6900917, 6900919)",6900913,"(6900911, 6900917, 6900919)",6,2,"(6, 2)"
688,C,"(6915191, 6915193, 6915197, 6915199)",6915197,"(6915191, 6915193, 6915199)",2,6,"(2, 6)"
689,E,"(6918011, 6918013, 6918017, 6918019)",6918019,"(6918011, 6918013, 6918017)",2,4,"(2, 4)"
690,A,"(6918341, 6918343, 6918347, 6918349)",6918341,"(6918343, 6918347, 6918349)",4,2,"(4, 2)"
691,B,"(6925151, 6925153, 6925157, 6925159)",6925153,"(6925151, 6925157, 6925159)",6,2,"(6, 2)"
692,C,"(6937961, 6937963, 6937967, 6937969)",6937967,"(6937961, 6937963, 6937969)",2,6,"(2, 6)"
693,E,"(6942491, 6942493, 6942497, 6942499)",6942499,"(6942491, 6942493, 6942497)",2,4,"(2, 4)"
694,A,"(6945551, 6945553, 6945557, 6945559)",6945551,"(6945553, 6945557, 6945559)",4,2,"(4, 2)"
695,B,"(6949331, 6949333, 6949337, 6949339)",6949333,"(6949331, 6949337, 6949339)",6,2,"(6, 2)"
696,C,"(7014611, 7014613, 7014617, 7014619)",7014617,"(7014611, 7014613, 7014619)",2,6,"(2, 6)"
697,E,"(7016741, 7016743, 7016747, 7016749)",7016749,"(7016741, 7016743, 7016747)",2,4,"(2, 4)"
698,A,"(7025651, 7025653, 7025657, 7025659)",7025651,"(7025653, 7025657, 7025659)",4,2,"(4, 2)"
699,B,"(7027451, 7027453, 7027457, 7027459)",7027453,"(7027451, 7027457, 7027459)",6,2,"(6, 2)"
700,C,"(7039841, 7039843, 7039847, 7039849)",7039847,"(7039841, 7039843, 7039849)",2,6,"(2, 6)"
701,E,"(7045691, 7045693, 7045697, 7045699)",7045699,"(7045691, 7045693, 7045697)",2,4,"(2, 4)"
702,A,"(7051391, 7051393, 7051397, 7051399)",7051391,"(7051393, 7051397, 7051399)",4,2,"(4, 2)"
703,B,"(7079711, 7079713, 7079717, 7079719)",7079713,"(7079711, 7079717, 7079719)",6,2,"(6, 2)"
704,C,"(7081181, 7081183, 7081187, 7081189)",7081187,"(7081181, 7081183, 7081189)",2,6,"(2, 6)"
705,E,"(7097801, 7097803, 7097807, 7097809)",7097809,"(7097801, 7097803, 7097807)",2,4,"(2, 4)"
706,A,"(7130861, 7130863, 7130867, 7130869)",7130861,"(7130863, 7130867, 7130869)",4,2,"(4, 2)"
707,B,"(7151141, 7151143, 7151147, 7151149)",7151143,"(7151141, 7151147, 7151149)",6,2,"(6, 2)"
708,C,"(7159511, 7159513, 7159517, 7159519)",7159517,"(7159511, 7159513, 7159519)",2,6,"(2, 6)"
709,E,"(7161851, 7161853, 7161857, 7161859)",7161859,"(7161851, 7161853, 7161857)",2,4,"(2, 4)"
710,A,"(7166141, 7166143, 7166147, 7166149)",7166141,"(7166143, 7166147, 7166149)",4,2,"(4, 2)"
711,B,"(7177061, 7177063, 7177067, 7177069)",7177063,"(7177061, 7177067, 7177069)",6,2,"(6, 2)"
712,C,"(7187771, 7187773, 7187777, 7187779)",7187777,"(7187771, 7187773, 7187779)",2,6,"(2, 6)"
713,E,"(7201631, 7201633, 7201637, 7201639)",7201639,"(7201631, 7201633, 7201637)",2,4,"(2, 4)"
714,A,"(7235951, 7235953, 7235957, 7235959)",7235951,"(7235953, 7235957, 7235959)",4,2,"(4, 2)"
715,B,"(7267451, 7267453, 7267457, 7267459)",7267453,"(7267451, 7267457, 7267459)",6,2,"(6, 2)"
716,C,"(7273991, 7273993, 7273997, 7273999)",7273997,"(7273991, 7273993, 7273999)",2,6,"(2, 6)"
717,E,"(7286681, 7286683, 7286687, 7286689)",7286689,"(7286681, 7286683, 7286687)",2,4,"(2, 4)"
718,A,"(7305371, 7305373, 7305377, 7305379)",7305371,"(7305373, 7305377, 7305379)",4,2,"(4, 2)"
719,B,"(7316291, 7316293, 7316297, 7316299)",7316293,"(7316291, 7316297, 7316299)",6,2,"(6, 2)"
720,C,"(7328771, 7328773, 7328777, 7328779)",7328777,"(7328771, 7328773, 7328779)",2,6,"(2, 6)"
721,E,"(7335941, 7335943, 7335947, 7335949)",7335949,"(7335941, 7335943, 7335947)",2,4,"(2, 4)"
722,A,"(7340231, 7340233, 7340237, 7340239)",7340231,"(7340233, 7340237, 7340239)",4,2,"(4, 2)"
723,B,"(7348631, 7348633, 7348637, 7348639)",7348633,"(7348631, 7348637, 7348639)",6,2,"(6, 2)"
724,C,"(7356071, 7356073, 7356077, 7356079)",7356077,"(7356071, 7356073, 7356079)",2,6,"(2, 6)"
725,E,"(7367021, 7367023, 7367027, 7367029)",7367029,"(7367021, 7367023, 7367027)",2,4,"(2, 4)"
726,A,"(7369331, 7369333, 7369337, 7369339)",7369331,"(7369333, 7369337, 7369339)",4,2,"(4, 2)"
727,B,"(7371641, 7371643, 7371647, 7371649)",7371643,"(7371641, 7371647, 7371649)",6,2,"(6, 2)"
728,C,"(7417511, 7417513, 7417517, 7417519)",7417517,"(7417511, 7417513, 7417519)",2,6,"(2, 6)"
729,E,"(7422221, 7422223, 7422227, 7422229)",7422229,"(7422221, 7422223, 7422227)",2,4,"(2, 4)"
730,A,"(7433051, 7433053, 7433057, 7433059)",7433051,"(7433053, 7433057, 7433059)",4,2,"(4, 2)"
731,B,"(7448471, 7448473, 7448477, 7448479)",7448473,"(7448471, 7448477, 7448479)",6,2,"(6, 2)"
732,C,"(7464551, 7464553, 7464557, 7464559)",7464557,"(7464551, 7464553, 7464559)",2,6,"(2, 6)"
733,E,"(7465481, 7465483, 7465487, 7465489)",7465489,"(7465481, 7465483, 7465487)",2,4,"(2, 4)"
734,A,"(7475381, 7475383, 7475387, 7475389)",7475381,"(7475383, 7475387, 7475389)",4,2,"(4, 2)"
735,B,"(7477991, 7477993, 7477997, 7477999)",7477993,"(7477991, 7477997, 7477999)",6,2,"(6, 2)"
736,C,"(7483781, 7483783, 7483787, 7483789)",7483787,"(7483781, 7483783, 7483789)",2,6,"(2, 6)"
737,E,"(7499201, 7499203, 7499207, 7499209)",7499209,"(7499201, 7499203, 7499207)",2,4,"(2, 4)"
738,A,"(7527251, 7527253, 7527257, 7527259)",7527251,"(7527253, 7527257, 7527259)",4,2,"(4, 2)"
739,B,"(7534061, 7534063, 7534067, 7534069)",7534063,"(7534061, 7534067, 7534069)",6,2,"(6, 2)"
740,C,"(7534601, 7534603, 7534607, 7534609)",7534607,"(7534601, 7534603, 7534609)",2,6,"(2, 6)"
741,E,"(7537331, 7537333, 7537337, 7537339)",7537339,"(7537331, 7537333, 7537337)",2,4,"(2, 4)"
742,A,"(7540451, 7540453, 7540457, 7540459)",7540451,"(7540453, 7540457, 7540459)",4,2,"(4, 2)"
743,B,"(7541921, 7541923, 7541927, 7541929)",7541923,"(7541921, 7541927, 7541929)",6,2,"(6, 2)"
744,C,"(7545911, 7545913, 7545917, 7545919)",7545917,"(7545911, 7545913, 7545919)",2,6,"(2, 6)"
745,E,"(7580381, 7580383, 7580387, 7580389)",7580389,"(7580381, 7580383, 7580387)",2,4,"(2, 4)"
746,A,"(7583501, 7583503, 7583507, 7583509)",7583501,"(7583503, 7583507, 7583509)",4,2,"(4, 2)"
747,B,"(7599041, 7599043, 7599047, 7599049)",7599043,"(7599041, 7599047, 7599049)",6,2,"(6, 2)"
748,C,"(7610921, 7610923, 7610927, 7610929)",7610927,"(7610921, 7610923, 7610929)",2,6,"(2, 6)"
749,E,"(7641371, 7641373, 7641377, 7641379)",7641379,"(7641371, 7641373, 7641377)",2,4,"(2, 4)"
750,A,"(7645661, 7645663, 7645667, 7645669)",7645661,"(7645663, 7645667, 7645669)",4,2,"(4, 2)"
751,B,"(7659011, 7659013, 7659017, 7659019)",7659013,"(7659011, 7659017, 7659019)",6,2,"(6, 2)"
752,C,"(7669811, 7669813, 7669817, 7669819)",7669817,"(7669811, 7669813, 7669819)",2,6,"(2, 6)"
753,E,"(7681361, 7681363, 7681367, 7681369)",7681369,"(7681361, 7681363, 7681367)",2,4,"(2, 4)"
754,A,"(7701761, 7701763, 7701767, 7701769)",7701761,"(7701763, 7701767, 7701769)",4,2,"(4, 2)"
755,B,"(7703231, 7703233, 7703237, 7703239)",7703233,"(7703231, 7703237, 7703239)",6,2,"(6, 2)"
756,C,"(7734821, 7734823, 7734827, 7734829)",7734827,"(7734821, 7734823, 7734829)",2,6,"(2, 6)"
757,E,"(7754891, 7754893, 7754897, 7754899)",7754899,"(7754891, 7754893, 7754897)",2,4,"(2, 4)"
758,A,"(7774301, 7774303, 7774307, 7774309)",7774301,"(7774303, 7774307, 7774309)",4,2,"(4, 2)"
759,B,"(7802231, 7802233, 7802237, 7802239)",7802233,"(7802231, 7802237, 7802239)",6,2,"(6, 2)"
760,C,"(7806431, 7806433, 7806437, 7806439)",7806437,"(7806431, 7806433, 7806439)",2,6,"(2, 6)"
761,E,"(7813361, 7813363, 7813367, 7813369)",7813369,"(7813361, 7813363, 7813367)",2,4,"(2, 4)"
762,A,"(7814291, 7814293, 7814297, 7814299)",7814291,"(7814293, 7814297, 7814299)",4,2,"(4, 2)"
763,B,"(7846541, 7846543, 7846547, 7846549)",7846543,"(7846541, 7846547, 7846549)",6,2,"(6, 2)"
764,C,"(7861031, 7861033, 7861037, 7861039)",7861037,"(7861031, 7861033, 7861039)",2,6,"(2, 6)"
765,E,"(7879841, 7879843, 7879847, 7879849)",7879849,"(7879841, 7879843, 7879847)",2,4,"(2, 4)"
766,A,"(7882871, 7882873, 7882877, 7882879)",7882871,"(7882873, 7882877, 7882879)",4,2,"(4, 2)"
767,B,"(7913231, 7913233, 7913237, 7913239)",7913233,"(7913231, 7913237, 7913239)",6,2,"(6, 2)"
768,C,"(7934651, 7934653, 7934657, 7934659)",7934657,"(7934651, 7934653, 7934659)",2,6,"(2, 6)"
769,E,"(7945031, 7945033, 7945037, 7945039)",7945039,"(7945031, 7945033, 7945037)",2,4,"(2, 4)"
770,A,"(7960151, 7960153, 7960157, 7960159)",7960151,"(7960153, 7960157, 7960159)",4,2,"(4, 2)"
771,B,"(7961951, 7961953, 7961957, 7961959)",7961953,"(7961951, 7961957, 7961959)",6,2,"(6, 2)"
772,C,"(7989461, 7989463, 7989467, 7989469)",7989467,"(7989461, 7989463, 7989469)",2,6,"(2, 6)"
773,E,"(8023661, 8023663, 8023667, 8023669)",8023669,"(8023661, 8023663, 8023667)",2,4,"(2, 4)"
774,A,"(8059061, 8059063, 8059067, 8059069)",8059061,"(8059063, 8059067, 8059069)",4,2,"(4, 2)"
775,B,"(8062001, 8062003, 8062007, 8062009)",8062003,"(8062001, 8062007, 8062009)",6,2,"(6, 2)"
776,C,"(8070911, 8070913, 8070917, 8070919)",8070917,"(8070911, 8070913, 8070919)",2,6,"(2, 6)"
777,E,"(8101781, 8101783, 8101787, 8101789)",8101789,"(8101781, 8101783, 8101787)",2,4,"(2, 4)"
778,A,"(8108531, 8108533, 8108537, 8108539)",8108531,"(8108533, 8108537, 8108539)",4,2,"(4, 2)"
779,B,"(8166071, 8166073, 8166077, 8166079)",8166073,"(8166071, 8166077, 8166079)",6,2,"(6, 2)"
780,C,"(8178251, 8178253, 8178257, 8178259)",8178257,"(8178251, 8178253, 8178259)",2,6,"(2, 6)"
781,E,"(8183891, 8183893, 8183897, 8183899)",8183899,"(8183891, 8183893, 8183897)",2,4,"(2, 4)"
782,A,"(8194931, 8194933, 8194937, 8194939)",8194931,"(8194933, 8194937, 8194939)",4,2,"(4, 2)"
783,B,"(8208911, 8208913, 8208917, 8208919)",8208913,"(8208911, 8208917, 8208919)",6,2,"(6, 2)"
784,C,"(8248061, 8248063, 8248067, 8248069)",8248067,"(8248061, 8248063, 8248069)",2,6,"(2, 6)"
785,E,"(8281571, 8281573, 8281577, 8281579)",8281579,"(8281571, 8281573, 8281577)",2,4,"(2, 4)"
786,A,"(8312411, 8312413, 8312417, 8312419)",8312411,"(8312413, 8312417, 8312419)",4,2,"(4, 2)"
787,B,"(8313911, 8313913, 8313917, 8313919)",8313913,"(8313911, 8313917, 8313919)",6,2,"(6, 2)"
788,C,"(8318411, 8318413, 8318417, 8318419)",8318417,"(8318411, 8318413, 8318419)",2,6,"(2, 6)"
789,E,"(8326601, 8326603, 8326607, 8326609)",8326609,"(8326601, 8326603, 8326607)",2,4,"(2, 4)"
790,A,"(8336591, 8336593, 8336597, 8336599)",8336591,"(8336593, 8336597, 8336599)",4,2,"(4, 2)"
791,B,"(8339621, 8339623, 8339627, 8339629)",8339623,"(8339621, 8339627, 8339629)",6,2,"(6, 2)"
792,C,"(8344151, 8344153, 8344157, 8344159)",8344157,"(8344151, 8344153, 8344159)",2,6,"(2, 6)"
793,E,"(8348531, 8348533, 8348537, 8348539)",8348539,"(8348531, 8348533, 8348537)",2,4,"(2, 4)"
794,A,"(8381531, 8381533, 8381537, 8381539)",8381531,"(8381533, 8381537, 8381539)",4,2,"(4, 2)"
795,B,"(8385101, 8385103, 8385107, 8385109)",8385103,"(8385101, 8385107, 8385109)",6,2,"(6, 2)"
796,C,"(8431061, 8431063, 8431067, 8431069)",8431067,"(8431061, 8431063, 8431069)",2,6,"(2, 6)"
797,E,"(8445971, 8445973, 8445977, 8445979)",8445979,"(8445971, 8445973, 8445977)",2,4,"(2, 4)"
798,A,"(8460581, 8460583, 8460587, 8460589)",8460581,"(8460583, 8460587, 8460589)",4,2,"(4, 2)"
799,B,"(8467631, 8467633, 8467637, 8467639)",8467633,"(8467631, 8467637, 8467639)",6,2,"(6, 2)"
800,C,"(8487371, 8487373, 8487377, 8487379)",8487377,"(8487371, 8487373, 8487379)",2,6,"(2, 6)"
801,E,"(8497031, 8497033, 8497037, 8497039)",8497039,"(8497031, 8497033, 8497037)",2,4,"(2, 4)"
802,A,"(8513171, 8513173, 8513177, 8513179)",8513171,"(8513173, 8513177, 8513179)",4,2,"(4, 2)"
803,B,"(8519471, 8519473, 8519477, 8519479)",8519473,"(8519471, 8519477, 8519479)",6,2,"(6, 2)"
804,C,"(8540501, 8540503, 8540507, 8540509)",8540507,"(8540501, 8540503, 8540509)",2,6,"(2, 6)"
805,E,"(8557721, 8557723, 8557727, 8557729)",8557729,"(8557721, 8557723, 8557727)",2,4,"(2, 4)"
806,A,"(8561801, 8561803, 8561807, 8561809)",8561801,"(8561803, 8561807, 8561809)",4,2,"(4, 2)"
807,B,"(8568401, 8568403, 8568407, 8568409)",8568403,"(8568401, 8568407, 8568409)",6,2,"(6, 2)"
808,C,"(8573441, 8573443, 8573447, 8573449)",8573447,"(8573441, 8573443, 8573449)",2,6,"(2, 6)"
809,E,"(8576591, 8576593, 8576597, 8576599)",8576599,"(8576591, 8576593, 8576597)",2,4,"(2, 4)"
810,A,"(8594681, 8594683, 8594687, 8594689)",8594681,"(8594683, 8594687, 8594689)",4,2,"(4, 2)"
811,B,"(8604641, 8604643, 8604647, 8604649)",8604643,"(8604641, 8604647, 8604649)",6,2,"(6, 2)"
812,C,"(8616911, 8616913, 8616917, 8616919)",8616917,"(8616911, 8616913, 8616919)",2,6,"(2, 6)"
813,E,"(8619431, 8619433, 8619437, 8619439)",8619439,"(8619431, 8619433, 8619437)",2,4,"(2, 4)"
814,A,"(8621861, 8621863, 8621867, 8621869)",8621861,"(8621863, 8621867, 8621869)",4,2,"(4, 2)"
815,B,"(8623031, 8623033, 8623037, 8623039)",8623033,"(8623031, 8623037, 8623039)",6,2,"(6, 2)"
816,C,"(8648831, 8648833, 8648837, 8648839)",8648837,"(8648831, 8648833, 8648839)",2,6,"(2, 6)"
817,E,"(8658101, 8658103, 8658107, 8658109)",8658109,"(8658101, 8658103, 8658107)",2,4,"(2, 4)"
818,A,"(8669621, 8669623, 8669627, 8669629)",8669621,"(8669623, 8669627, 8669629)",4,2,"(4, 2)"
819,B,"(8677391, 8677393, 8677397, 8677399)",8677393,"(8677391, 8677397, 8677399)",6,2,"(6, 2)"
820,C,"(8685371, 8685373, 8685377, 8685379)",8685377,"(8685371, 8685373, 8685379)",2,6,"(2, 6)"
821,E,"(8691581, 8691583, 8691587, 8691589)",8691589,"(8691581, 8691583, 8691587)",2,4,"(2, 4)"
822,A,"(8717741, 8717743, 8717747, 8717749)",8717741,"(8717743, 8717747, 8717749)",4,2,"(4, 2)"
823,B,"(8729051, 8729053, 8729057, 8729059)",8729053,"(8729051, 8729057, 8729059)",6,2,"(6, 2)"
824,C,"(8741141, 8741143, 8741147, 8741149)",8741147,"(8741141, 8741143, 8741149)",2,6,"(2, 6)"
825,E,"(8748581, 8748583, 8748587, 8748589)",8748589,"(8748581, 8748583, 8748587)",2,4,"(2, 4)"
826,A,"(8773151, 8773153, 8773157, 8773159)",8773151,"(8773153, 8773157, 8773159)",4,2,"(4, 2)"
827,B,"(8799611, 8799613, 8799617, 8799619)",8799613,"(8799611, 8799617, 8799619)",6,2,"(6, 2)"
828,C,"(8827541, 8827543, 8827547, 8827549)",8827547,"(8827541, 8827543, 8827549)",2,6,"(2, 6)"
829,E,"(8831981, 8831983, 8831987, 8831989)",8831989,"(8831981, 8831983, 8831987)",2,4,"(2, 4)"
830,A,"(8833241, 8833243, 8833247, 8833249)",8833241,"(8833243, 8833247, 8833249)",4,2,"(4, 2)"
831,B,"(8844371, 8844373, 8844377, 8844379)",8844373,"(8844371, 8844377, 8844379)",6,2,"(6, 2)"
832,C,"(8868521, 8868523, 8868527, 8868529)",8868527,"(8868521, 8868523, 8868529)",2,6,"(2, 6)"
833,E,"(8878271, 8878273, 8878277, 8878279)",8878279,"(8878271, 8878273, 8878277)",2,4,"(2, 4)"
834,A,"(8898311, 8898313, 8898317, 8898319)",8898311,"(8898313, 8898317, 8898319)",4,2,"(4, 2)"
835,B,"(8914181, 8914183, 8914187, 8914189)",8914183,"(8914181, 8914187, 8914189)",6,2,"(6, 2)"
836,C,"(8926451, 8926453, 8926457, 8926459)",8926457,"(8926451, 8926453, 8926459)",2,6,"(2, 6)"
837,E,"(9020981, 9020983, 9020987, 9020989)",9020989,"(9020981, 9020983, 9020987)",2,4,"(2, 4)"
838,A,"(9081461, 9081463, 9081467, 9081469)",9081461,"(9081463, 9081467, 9081469)",4,2,"(4, 2)"
839,B,"(9081881, 9081883, 9081887, 9081889)",9081883,"(9081881, 9081887, 9081889)",6,2,"(6, 2)"
840,C,"(9083021, 9083023, 9083027, 9083029)",9083027,"(9083021, 9083023, 9083029)",2,6,"(2, 6)"
841,E,"(9127631, 9127633, 9127637, 9127639)",9127639,"(9127631, 9127633, 9127637)",2,4,"(2, 4)"
842,A,"(9138131, 9138133, 9138137, 9138139)",9138131,"(9138133, 9138137, 9138139)",4,2,"(4, 2)"
843,B,"(9146981, 9146983, 9146987, 9146989)",9146983,"(9146981, 9146987, 9146989)",6,2,"(6, 2)"
844,C,"(9154961, 9154963, 9154967, 9154969)",9154967,"(9154961, 9154963, 9154969)",2,6,"(2, 6)"
845,E,"(9165251, 9165253, 9165257, 9165259)",9165259,"(9165251, 9165253, 9165257)",2,4,"(2, 4)"
846,A,"(9220241, 9220243, 9220247, 9220249)",9220241,"(9220243, 9220247, 9220249)",4,2,"(4, 2)"
847,B,"(9276851, 9276853, 9276857, 9276859)",9276853,"(9276851, 9276857, 9276859)",6,2,"(6, 2)"
848,C,"(9280541, 9280543, 9280547, 9280549)",9280547,"(9280541, 9280543, 9280549)",2,6,"(2, 6)"
849,E,"(9291641, 9291643, 9291647, 9291649)",9291649,"(9291641, 9291643, 9291647)",2,4,"(2, 4)"
850,A,"(9299441, 9299443, 9299447, 9299449)",9299441,"(9299443, 9299447, 9299449)",4,2,"(4, 2)"
851,B,"(9320321, 9320323, 9320327, 9320329)",9320323,"(9320321, 9320327, 9320329)",6,2,"(6, 2)"
852,C,"(9324431, 9324433, 9324437, 9324439)",9324437,"(9324431, 9324433, 9324439)",2,6,"(2, 6)"
853,E,"(9353291, 9353293, 9353297, 9353299)",9353299,"(9353291, 9353293, 9353297)",2,4,"(2, 4)"
854,A,"(9365591, 9365593, 9365597, 9365599)",9365591,"(9365593, 9365597, 9365599)",4,2,"(4, 2)"
855,B,"(9369551, 9369553, 9369557, 9369559)",9369553,"(9369551, 9369557, 9369559)",6,2,"(6, 2)"
856,C,"(9394961, 9394963, 9394967, 9394969)",9394967,"(9394961, 9394963, 9394969)",2,6,"(2, 6)"
857,E,"(9426491, 9426493, 9426497, 9426499)",9426499,"(9426491, 9426493, 9426497)",2,4,"(2, 4)"
858,A,"(9439271, 9439273, 9439277, 9439279)",9439271,"(9439273, 9439277, 9439279)",4,2,"(4, 2)"
859,B,"(9440441, 9440443, 9440447, 9440449)",9440443,"(9440441, 9440447, 9440449)",6,2,"(6, 2)"
860,C,"(9446861, 9446863, 9446867, 9446869)",9446867,"(9446861, 9446863, 9446869)",2,6,"(2, 6)"
861,E,"(9463241, 9463243, 9463247, 9463249)",9463249,"(9463241, 9463243, 9463247)",2,4,"(2, 4)"
862,A,"(9479411, 9479413, 9479417, 9479419)",9479411,"(9479413, 9479417, 9479419)",4,2,"(4, 2)"
863,B,"(9494201, 9494203, 9494207, 9494209)",9494203,"(9494201, 9494207, 9494209)",6,2,"(6, 2)"
864,C,"(9503951, 9503953, 9503957, 9503959)",9503957,"(9503951, 9503953, 9503959)",2,6,"(2, 6)"
865,E,"(9508061, 9508063, 9508067, 9508069)",9508069,"(9508061, 9508063, 9508067)",2,4,"(2, 4)"
866,A,"(9511421, 9511423, 9511427, 9511429)",9511421,"(9511423, 9511427, 9511429)",4,2,"(4, 2)"
867,B,"(9538091, 9538093, 9538097, 9538099)",9538093,"(9538091, 9538097, 9538099)",6,2,"(6, 2)"
868,C,"(9541991, 9541993, 9541997, 9541999)",9541997,"(9541991, 9541993, 9541999)",2,6,"(2, 6)"
869,E,"(9549101, 9549103, 9549107, 9549109)",9549109,"(9549101, 9549103, 9549107)",2,4,"(2, 4)"
870,A,"(9550391, 9550393, 9550397, 9550399)",9550391,"(9550393, 9550397, 9550399)",4,2,"(4, 2)"
871,B,"(9585881, 9585883, 9585887, 9585889)",9585883,"(9585881, 9585887, 9585889)",6,2,"(6, 2)"
872,C,"(9589421, 9589423, 9589427, 9589429)",9589427,"(9589421, 9589423, 9589429)",2,6,"(2, 6)"
873,E,"(9600551, 9600553, 9600557, 9600559)",9600559,"(9600551, 9600553, 9600557)",2,4,"(2, 4)"
874,A,"(9600581, 9600583, 9600587, 9600589)",9600581,"(9600583, 9600587, 9600589)",4,2,"(4, 2)"
875,B,"(9617981, 9617983, 9617987, 9617989)",9617983,"(9617981, 9617987, 9617989)",6,2,"(6, 2)"
876,C,"(9627461, 9627463, 9627467, 9627469)",9627467,"(9627461, 9627463, 9627469)",2,6,"(2, 6)"
877,E,"(9640481, 9640483, 9640487, 9640489)",9640489,"(9640481, 9640483, 9640487)",2,4,"(2, 4)"
878,A,"(9721421, 9721423, 9721427, 9721429)",9721421,"(9721423, 9721427, 9721429)",4,2,"(4, 2)"
879,B,"(9723011, 9723013, 9723017, 9723019)",9723013,"(9723011, 9723017, 9723019)",6,2,"(6, 2)"
880,C,"(9725951, 9725953, 9725957, 9725959)",9725957,"(9725951, 9725953, 9725959)",2,6,"(2, 6)"
881,E,"(9733811, 9733813, 9733817, 9733819)",9733819,"(9733811, 9733813, 9733817)",2,4,"(2, 4)"
882,A,"(9739901, 9739903, 9739907, 9739909)",9739901,"(9739903, 9739907, 9739909)",4,2,"(4, 2)"
883,B,"(9743471, 9743473, 9743477, 9743479)",9743473,"(9743471, 9743477, 9743479)",6,2,"(6, 2)"
884,C,"(9744401, 9744403, 9744407, 9744409)",9744407,"(9744401, 9744403, 9744409)",2,6,"(2, 6)"
885,E,"(9750071, 9750073, 9750077, 9750079)",9750079,"(9750071, 9750073, 9750077)",2,4,"(2, 4)"
886,A,"(9774461, 9774463, 9774467, 9774469)",9774461,"(9774463, 9774467, 9774469)",4,2,"(4, 2)"
887,B,"(9778031, 9778033, 9778037, 9778039)",9778033,"(9778031, 9778037, 9778039)",6,2,"(6, 2)"
888,C,"(9783881, 9783883, 9783887, 9783889)",9783887,"(9783881, 9783883, 9783889)",2,6,"(2, 6)"
889,E,"(9792701, 9792703, 9792707, 9792709)",9792709,"(9792701, 9792703, 9792707)",2,4,"(2, 4)"
890,A,"(9835751, 9835753, 9835757, 9835759)",9835751,"(9835753, 9835757, 9835759)",4,2,"(4, 2)"
891,B,"(9876101, 9876103, 9876107, 9876109)",9876103,"(9876101, 9876107, 9876109)",6,2,"(6, 2)"
892,C,"(9892031, 9892033, 9892037, 9892039)",9892037,"(9892031, 9892033, 9892039)",2,6,"(2, 6)"
893,E,"(9910751, 9910753, 9910757, 9910759)",9910759,"(9910751, 9910753, 9910757)",2,4,"(2, 4)"
894,A,"(9917051, 9917053, 9917057, 9917059)",9917051,"(9917053, 9917057, 9917059)",4,2,"(4, 2)"
895,B,"(9923981, 9923983, 9923987, 9923989)",9923983,"(9923981, 9923987, 9923989)",6,2,"(6, 2)"
896,C,"(9933611, 9933613, 9933617, 9933619)",9933617,"(9933611, 9933613, 9933619)",2,6,"(2, 6)"
897,E,"(9950201, 9950203, 9950207, 9950209)",9950209,"(9950201, 9950203, 9950207)",2,4,"(2, 4)"
898,A,"(9950531, 9950533, 9950537, 9950539)",9950531,"(9950533, 9950537, 9950539)",4,2,"(4, 2)"
899,B,"(9973211, 9973213, 9973217, 9973219)",9973213,"(9973211, 9973217, 9973219)",6,2,"(6, 2)"
900,C,"(10013951, 10013953, 10013957, 10013959)",10013957,"(10013951, 10013953, 10013959)",2,6,"(2, 6)"
901,E,"(10018031, 10018033, 10018037, 10018039)",10018039,"(10018031, 10018033, 10018037)",2,4,"(2, 4)"
902,A,"(10035161, 10035163, 10035167, 10035169)",10035161,"(10035163, 10035167, 10035169)",4,2,"(4, 2)"
903,B,"(10037381, 10037383, 10037387, 10037389)",10037383,"(10037381, 10037387, 10037389)",6,2,"(6, 2)"
904,C,"(10039451, 10039453, 10039457, 10039459)",10039457,"(10039451, 10039453, 10039459)",2,6,"(2, 6)"
905,E,"(10054391, 10054393, 10054397, 10054399)",10054399,"(10054391, 10054393, 10054397)",2,4,"(2, 4)"
906,A,"(10059851, 10059853, 10059857, 10059859)",10059851,"(10059853, 10059857, 10059859)",4,2,"(4, 2)"
907,B,"(10079981, 10079983, 10079987, 10079989)",10079983,"(10079981, 10079987, 10079989)",6,2,"(6, 2)"
908,C,"(10109921, 10109923, 10109927, 10109929)",10109927,"(10109921, 10109923, 10109929)",2,6,"(2, 6)"
909,E,"(10119581, 10119583, 10119587, 10119589)",10119589,"(10119581, 10119583, 10119587)",2,4,"(2, 4)"
910,A,"(10120631, 10120633, 10120637, 10120639)",10120631,"(10120633, 10120637, 10120639)",4,2,"(4, 2)"
911,B,"(10134401, 10134403, 10134407, 10134409)",10134403,"(10134401, 10134407, 10134409)",6,2,"(6, 2)"
912,C,"(10152011, 10152013, 10152017, 10152019)",10152017,"(10152011, 10152013, 10152019)",2,6,"(2, 6)"
913,E,"(10161491, 10161493, 10161497, 10161499)",10161499,"(10161491, 10161493, 10161497)",2,4,"(2, 4)"
914,A,"(10187921, 10187923, 10187927, 10187929)",10187921,"(10187923, 10187927, 10187929)",4,2,"(4, 2)"
915,B,"(10190561, 10190563, 10190567, 10190569)",10190563,"(10190561, 10190567, 10190569)",6,2,"(6, 2)"
916,C,"(10192991, 10192993, 10192997, 10192999)",10192997,"(10192991, 10192993, 10192999)",2,6,"(2, 6)"
917,E,"(10226891, 10226893, 10226897, 10226899)",10226899,"(10226891, 10226893, 10226897)",2,4,"(2, 4)"
918,A,"(10230761, 10230763, 10230767, 10230769)",10230761,"(10230763, 10230767, 10230769)",4,2,"(4, 2)"
919,B,"(10247051, 10247053, 10247057, 10247059)",10247053,"(10247051, 10247057, 10247059)",6,2,"(6, 2)"
920,C,"(10264151, 10264153, 10264157, 10264159)",10264157,"(10264151, 10264153, 10264159)",2,6,"(2, 6)"
921,E,"(10337771, 10337773, 10337777, 10337779)",10337779,"(10337771, 10337773, 10337777)",2,4,"(2, 4)"
922,A,"(10344071, 10344073, 10344077, 10344079)",10344071,"(10344073, 10344077, 10344079)",4,2,"(4, 2)"
923,B,"(10364141, 10364143, 10364147, 10364149)",10364143,"(10364141, 10364147, 10364149)",6,2,"(6, 2)"
924,C,"(10368641, 10368643, 10368647, 10368649)",10368647,"(10368641, 10368643, 10368649)",2,6,"(2, 6)"
925,E,"(10373261, 10373263, 10373267, 10373269)",10373269,"(10373261, 10373263, 10373267)",2,4,"(2, 4)"
926,A,"(10381751, 10381753, 10381757, 10381759)",10381751,"(10381753, 10381757, 10381759)",4,2,"(4, 2)"
927,B,"(10440161, 10440163, 10440167, 10440169)",10440163,"(10440161, 10440167, 10440169)",6,2,"(6, 2)"
928,C,"(10468691, 10468693, 10468697, 10468699)",10468697,"(10468691, 10468693, 10468699)",2,6,"(2, 6)"
929,E,"(10471751, 10471753, 10471757, 10471759)",10471759,"(10471751, 10471753, 10471757)",2,4,"(2, 4)"
930,A,"(10483631, 10483633, 10483637, 10483639)",10483631,"(10483633, 10483637, 10483639)",4,2,"(4, 2)"
931,B,"(10485191, 10485193, 10485197, 10485199)",10485193,"(10485191, 10485197, 10485199)",6,2,"(6, 2)"
932,C,"(10504841, 10504843, 10504847, 10504849)",10504847,"(10504841, 10504843, 10504849)",2,6,"(2, 6)"
933,E,"(10509461, 10509463, 10509467, 10509469)",10509469,"(10509461, 10509463, 10509467)",2,4,"(2, 4)"
934,A,"(10526561, 10526563, 10526567, 10526569)",10526561,"(10526563, 10526567, 10526569)",4,2,"(4, 2)"
935,B,"(10531061, 10531063, 10531067, 10531069)",10531063,"(10531061, 10531067, 10531069)",6,2,"(6, 2)"
936,C,"(10531091, 10531093, 10531097, 10531099)",10531097,"(10531091, 10531093, 10531099)",2,6,"(2, 6)"
937,E,"(10544111, 10544113, 10544117, 10544119)",10544119,"(10544111, 10544113, 10544117)",2,4,"(2, 4)"
938,A,"(10547351, 10547353, 10547357, 10547359)",10547351,"(10547353, 10547357, 10547359)",4,2,"(4, 2)"
939,B,"(10606361, 10606363, 10606367, 10606369)",10606363,"(10606361, 10606367, 10606369)",6,2,"(6, 2)"
940,C,"(10615721, 10615723, 10615727, 10615729)",10615727,"(10615721, 10615723, 10615729)",2,6,"(2, 6)"
941,E,"(10627031, 10627033, 10627037, 10627039)",10627039,"(10627031, 10627033, 10627037)",2,4,"(2, 4)"
942,A,"(10629251, 10629253, 10629257, 10629259)",10629251,"(10629253, 10629257, 10629259)",4,2,"(4, 2)"
943,B,"(10641731, 10641733, 10641737, 10641739)",10641733,"(10641731, 10641737, 10641739)",6,2,"(6, 2)"
944,C,"(10676711, 10676713, 10676717, 10676719)",10676717,"(10676711, 10676713, 10676719)",2,6,"(2, 6)"
945,E,"(10728791, 10728793, 10728797, 10728799)",10728799,"(10728791, 10728793, 10728797)",2,4,"(2, 4)"
946,A,"(10739621, 10739623, 10739627, 10739629)",10739621,"(10739623, 10739627, 10739629)",4,2,"(4, 2)"
947,B,"(10758281, 10758283, 10758287, 10758289)",10758283,"(10758281, 10758287, 10758289)",6,2,"(6, 2)"
948,C,"(10759031, 10759033, 10759037, 10759039)",10759037,"(10759031, 10759033, 10759039)",2,6,"(2, 6)"
949,E,"(10775951, 10775953, 10775957, 10775959)",10775959,"(10775951, 10775953, 10775957)",2,4,"(2, 4)"
950,A,"(10782041, 10782043, 10782047, 10782049)",10782041,"(10782043, 10782047, 10782049)",4,2,"(4, 2)"
951,B,"(10811231, 10811233, 10811237, 10811239)",10811233,"(10811231, 10811237, 10811239)",6,2,"(6, 2)"
952,C,"(10852601, 10852603, 10852607, 10852609)",10852607,"(10852601, 10852603, 10852609)",2,6,"(2, 6)"
953,E,"(10857851, 10857853, 10857857, 10857859)",10857859,"(10857851, 10857853, 10857857)",2,4,"(2, 4)"
954,A,"(10865291, 10865293, 10865297, 10865299)",10865291,"(10865293, 10865297, 10865299)",4,2,"(4, 2)"
955,B,"(10866131, 10866133, 10866137, 10866139)",10866133,"(10866131, 10866137, 10866139)",6,2,"(6, 2)"
956,C,"(10872131, 10872133, 10872137, 10872139)",10872137,"(10872131, 10872133, 10872139)",2,6,"(2, 6)"
957,E,"(10879871, 10879873, 10879877, 10879879)",10879879,"(10879871, 10879873, 10879877)",2,4,"(2, 4)"
958,A,"(10936481, 10936483, 10936487, 10936489)",10936481,"(10936483, 10936487, 10936489)",4,2,"(4, 2)"
959,B,"(10939541, 10939543, 10939547, 10939549)",10939543,"(10939541, 10939547, 10939549)",6,2,"(6, 2)"
960,C,"(10994441, 10994443, 10994447, 10994449)",10994447,"(10994441, 10994443, 10994449)",2,6,"(2, 6)"
961,E,"(11011151, 11011153, 11011157, 11011159)",11011159,"(11011151, 11011153, 11011157)",2,4,"(2, 4)"
962,A,"(11021861, 11021863, 11021867, 11021869)",11021861,"(11021863, 11021867, 11021869)",4,2,"(4, 2)"
963,B,"(11047451, 11047453, 11047457, 11047459)",11047453,"(11047451, 11047457, 11047459)",6,2,"(6, 2)"
964,C,"(11048831, 11048833, 11048837, 11048839)",11048837,"(11048831, 11048833, 11048839)",2,6,"(2, 6)"
965,E,"(11079371, 11079373, 11079377, 11079379)",11079379,"(11079371, 11079373, 11079377)",2,4,"(2, 4)"
966,A,"(11086841, 11086843, 11086847, 11086849)",11086841,"(11086843, 11086847, 11086849)",4,2,"(4, 2)"
967,B,"(11138711, 11138713, 11138717, 11138719)",11138713,"(11138711, 11138717, 11138719)",6,2,"(6, 2)"
968,C,"(11147231, 11147233, 11147237, 11147239)",11147237,"(11147231, 11147233, 11147239)",2,6,"(2, 6)"
969,E,"(11148281, 11148283, 11148287, 11148289)",11148289,"(11148281, 11148283, 11148287)",2,4,"(2, 4)"
970,A,"(11155841, 11155843, 11155847, 11155849)",11155841,"(11155843, 11155847, 11155849)",4,2,"(4, 2)"
971,B,"(11186501, 11186503, 11186507, 11186509)",11186503,"(11186501, 11186507, 11186509)",6,2,"(6, 2)"
972,C,"(11192801, 11192803, 11192807, 11192809)",11192807,"(11192801, 11192803, 11192809)",2,6,"(2, 6)"
973,E,"(11201381, 11201383, 11201387, 11201389)",11201389,"(11201381, 11201383, 11201387)",2,4,"(2, 4)"
974,A,"(11223131, 11223133, 11223137, 11223139)",11223131,"(11223133, 11223137, 11223139)",4,2,"(4, 2)"
975,B,"(11238761, 11238763, 11238767, 11238769)",11238763,"(11238761, 11238767, 11238769)",6,2,"(6, 2)"
976,C,"(11241071, 11241073, 11241077, 11241079)",11241077,"(11241071, 11241073, 11241079)",2,6,"(2, 6)"
977,E,"(11310701, 11310703, 11310707, 11310709)",11310709,"(11310701, 11310703, 11310707)",2,4,"(2, 4)"
978,A,"(11328431, 11328433, 11328437, 11328439)",11328431,"(11328433, 11328437, 11328439)",4,2,"(4, 2)"
979,B,"(11343041, 11343043, 11343047, 11343049)",11343043,"(11343041, 11343047, 11343049)",6,2,"(6, 2)"
980,C,"(11344511, 11344513, 11344517, 11344519)",11344517,"(11344511, 11344513, 11344519)",2,6,"(2, 6)"
981,E,"(11374631, 11374633, 11374637, 11374639)",11374639,"(11374631, 11374633, 11374637)",2,4,"(2, 4)"
982,A,"(11387861, 11387863, 11387867, 11387869)",11387861,"(11387863, 11387867, 11387869)",4,2,"(4, 2)"
983,B,"(11440391, 11440393, 11440397, 11440399)",11440393,"(11440391, 11440397, 11440399)",6,2,"(6, 2)"
984,C,"(11471561, 11471563, 11471567, 11471569)",11471567,"(11471561, 11471563, 11471569)",2,6,"(2, 6)"
985,E,"(11477231, 11477233, 11477237, 11477239)",11477239,"(11477231, 11477233, 11477237)",2,4,"(2, 4)"
986,A,"(11489081, 11489083, 11489087, 11489089)",11489081,"(11489083, 11489087, 11489089)",4,2,"(4, 2)"
987,B,"(11495591, 11495593, 11495597, 11495599)",11495593,"(11495591, 11495597, 11495599)",6,2,"(6, 2)"
988,C,"(11502851, 11502853, 11502857, 11502859)",11502857,"(11502851, 11502853, 11502859)",2,6,"(2, 6)"
989,E,"(11503361, 11503363, 11503367, 11503369)",11503369,"(11503361, 11503363, 11503367)",2,4,"(2, 4)"
990,A,"(11529431, 11529433, 11529437, 11529439)",11529431,"(11529433, 11529437, 11529439)",4,2,"(4, 2)"
991,B,"(11533721, 11533723, 11533727, 11533729)",11533723,"(11533721, 11533727, 11533729)",6,2,"(6, 2)"
992,C,"(11554001, 11554003, 11554007, 11554009)",11554007,"(11554001, 11554003, 11554009)",2,6,"(2, 6)"
993,E,"(11584451, 11584453, 11584457, 11584459)",11584459,"(11584451, 11584453, 11584457)",2,4,"(2, 4)"
994,A,"(11622131, 11622133, 11622137, 11622139)",11622131,"(11622133, 11622137, 11622139)",4,2,"(4, 2)"
995,B,"(11644901, 11644903, 11644907, 11644909)",11644903,"(11644901, 11644907, 11644909)",6,2,"(6, 2)"
996,C,"(11652161, 11652163, 11652167, 11652169)",11652167,"(11652161, 11652163, 11652169)",2,6,"(2, 6)"
997,E,"(11664551, 11664553, 11664557, 11664559)",11664559,"(11664551, 11664553, 11664557)",2,4,"(2, 4)"
998,A,"(11680181, 11680183, 11680187, 11680189)",11680181,"(11680183, 11680187, 11680189)",4,2,"(4, 2)"
999,B,"(11718821, 11718823, 11718827, 11718829)",11718823,"(11718821, 11718827, 11718829)",6,2,"(6, 2)"
1000,C,"(11721791, 11721793, 11721797, 11721799)",11721797,"(11721791, 11721793, 11721799)",2,6,"(2, 6)"
