step_index,prime,size_before,size_after,overlap_size,collection_before,collection_after,recorded_quadruple_index,build_index
1,5,0,1,0,,5,,1
2,7,1,2,1,5,"5,7",,1
3,11,2,3,2,"5,7","5,7,11",,1
4,13,3,4,3,"5,7,11","5,7,11,13",1,1
5,17,0,1,0,,17,,2
6,19,1,2,1,17,"17,19",,2
7,23,2,3,2,"17,19","17,19,23",,2
8,29,3,3,3,"17,19,23","17,19,23",,2
9,31,3,3,2,"17,19,23","17,23,31",,2
10,37,3,4,3,"17,23,31","17,23,31,37",2,2
11,41,0,1,0,,41,,3
12,43,1,2,1,41,"41,43",,3
13,47,2,3,2,"41,43","41,43,47",,3
14,53,3,3,3,"41,43,47","41,43,47",,3
15,59,3,3,3,"41,43,47","41,43,47",,3
16,61,3,4,3,"41,43,47","41,43,47,61",3,3
17,67,0,1,0,,67,,4
18,71,1,2,1,67,"67,71",,4
19,73,2,3,2,"67,71","67,71,73",,4
20,79,3,3,3,"67,71,73","67,71,73",,4
21,83,3,3,2,"67,71,73","67,73,83",,4
22,89,3,4,3,"67,73,83","67,73,83,89",4,4
23,97,0,1,0,,97,,5
24,101,1,2,1,97,"97,101",,5
25,103,2,3,2,"97,101","97,101,103",,5
26,107,3,4,3,"97,101,103","97,101,103,107",5,5
27,109,0,1,0,,109,,6
28,113,1,2,1,109,"109,113",,6
29,127,2,3,2,"109,113","109,113,127",,6
30,131,3,4,3,"109,113,127","109,113,127,131",6,6
31,137,0,1,0,,137,,7
32,139,1,2,1,137,"137,139",,7
33,149,2,2,2,"137,139","137,139",,7
34,151,2,2,2,"137,139","137,139",,7
35,157,2,3,2,"137,139","137,139,157",,7
36,163,3,3,2,"137,139,157","137,157,163",,7
37,167,3,4,3,"137,157,163","137,157,163,167",7,7
38,173,0,1,0,,173,,8
39,179,1,2,1,173,"173,179",,8
40,181,2,3,2,"173,179","173,179,181",,8
41,191,3,3,2,"173,179,181","173,181,191",,8
42,193,3,3,2,"173,181,191","173,191,193",,8
43,197,3,3,3,"173,191,193","173,191,193",,8
44,199,3,4,3,"173,191,193","173,191,193,199",8,8
45,211,0,1,0,,211,,9
46,223,1,1,0,211,223,,9
47,227,1,2,1,223,"223,227",,9
48,229,2,3,2,"223,227","223,227,229",,9
49,233,3,4,3,"223,227,229","223,227,229,233",9,9
50,239,0,1,0,,239,,10
51,241,1,2,1,239,"239,241",,10
52,251,2,2,2,"239,241","239,241",,10
53,257,2,3,2,"239,241","239,241,257",,10
54,263,3,3,3,"239,241,257","239,241,257",,10
55,269,3,3,3,"239,241,257","239,241,257",,10
56,271,3,4,3,"239,241,257","239,241,257,271",10,10
57,277,0,1,0,,277,,11
58,281,1,2,1,277,"277,281",,11
59,283,2,3,2,"277,281","277,281,283",,11
60,293,3,3,2,"277,281,283","277,283,293",,11
61,307,3,3,2,"277,283,293","277,293,307",,11
62,311,3,4,3,"277,293,307","277,293,307,311",11,11
63,313,0,1,0,,313,,12
64,317,1,2,1,313,"313,317",,12
65,331,2,3,2,"313,317","313,317,331",,12
66,337,3,3,3,"313,317,331","313,317,331",,12
67,347,3,4,3,"313,317,331","313,317,331,347",12,12
68,349,0,1,0,,349,,13
69,353,1,2,1,349,"349,353",,13
70,359,2,3,2,"349,353","349,353,359",,13
71,367,3,4,3,"349,353,359","349,353,359,367",13,13
72,373,0,1,0,,373,,14
73,379,1,2,1,373,"373,379",,14
74,383,2,3,2,"373,379","373,379,383",,14
75,389,3,4,3,"373,379,383","373,379,383,389",14,14
76,397,0,1,0,,397,,15
77,401,1,2,1,397,"397,401",,15
78,409,2,2,2,"397,401","397,401",,15
79,419,2,3,2,"397,401","397,401,419",,15
80,421,3,3,3,"397,401,419","397,401,419",,15
81,431,3,3,3,"397,401,419","397,401,419",,15
82,433,3,3,3,"397,401,419","397,401,419",,15
83,439,3,4,3,"397,401,419","397,401,419,439",15,15
84,443,0,1,0,,443,,16
85,449,1,2,1,443,"443,449",,16
86,457,2,3,2,"443,449","443,449,457",,16
87,461,3,3,2,"443,449,457","443,457,461",,16
88,463,3,4,3,"443,457,461","443,457,461,463",16,16
89,467,0,1,0,,467,,17
90,479,1,1,0,467,479,,17
91,487,1,2,1,479,"479,487",,17
92,491,2,2,2,"479,487","479,487",,17
93,499,2,2,2,"479,487","479,487",,17
94,503,2,2,2,"479,487","479,487",,17
95,509,2,3,2,"479,487","479,487,509",,17
96,521,3,3,3,"479,487,509","479,487,509",,17
97,523,3,3,2,"479,487,509","479,509,523",,17
98,541,3,4,3,"479,509,523","479,509,523,541",17,17
99,547,0,1,0,,547,,18
100,557,1,2,1,547,"547,557",,18
101,563,2,3,2,"547,557","547,557,563",,18
102,569,3,3,2,"547,557,563","547,563,569",,18
103,571,3,3,3,"547,563,569","547,563,569",,18
104,577,3,4,3,"547,563,569","547,563,569,577",18,18
105,587,0,1,0,,587,,19
106,593,1,2,1,587,"587,593",,19
107,599,2,2,2,"587,593","587,593",,19
108,601,2,3,2,"587,593","587,593,601",,19
109,607,3,4,3,"587,593,601","587,593,601,607",19,19
110,613,0,1,0,,613,,20
111,617,1,2,1,613,"613,617",,20
112,619,2,3,2,"613,617","613,617,619",,20
113,631,3,3,3,"613,617,619","613,617,619",,20
114,641,3,3,2,"613,617,619","613,619,641",,20
115,643,3,3,2,"613,619,641","613,641,643",,20
116,647,3,4,3,"613,641,643","613,641,643,647",20,20
117,653,0,1,0,,653,,21
118,659,1,2,1,653,"653,659",,21
119,661,2,3,2,"653,659","653,659,661",,21
120,673,3,3,3,"653,659,661","653,659,661",,21
121,677,3,3,3,"653,659,661","653,659,661",,21
122,683,3,3,2,"653,659,661","653,661,683",,21
123,691,3,4,3,"653,661,683","653,661,683,691",21,21
124,701,0,1,0,,701,,22
125,709,1,2,1,701,"701,709",,22
126,719,2,3,2,"701,709","701,709,719",,22
127,727,3,4,3,"701,709,719","701,709,719,727",22,22
128,733,0,1,0,,733,,23
129,739,1,2,1,733,"733,739",,23
130,743,2,3,2,"733,739","733,739,743",,23
131,751,3,3,2,"733,739,743","733,743,751",,23
132,757,3,3,3,"733,743,751","733,743,751",,23
133,761,3,4,3,"733,743,751","733,743,751,761",23,23
134,769,0,1,0,,769,,24
135,773,1,2,1,769,"769,773",,24
136,787,2,3,2,"769,773","769,773,787",,24
137,797,3,3,2,"769,773,787","769,787,797",,24
138,809,3,3,3,"769,787,797","769,787,797",,24
139,811,3,3,2,"769,787,797","769,797,811",,24
140,821,3,3,2,"769,797,811","769,811,821",,24
141,823,3,3,2,"769,811,821","769,821,823",,24
142,827,3,4,3,"769,821,823","769,821,823,827",24,24
143,829,0,1,0,,829,,25
144,839,1,2,1,829,"829,839",,25
145,853,2,2,2,"829,839","829,839",,25
146,857,2,3,2,"829,839","829,839,857",,25
147,859,3,4,3,"829,839,857","829,839,857,859",25,25
148,863,0,1,0,,863,,26
149,877,1,2,1,863,"863,877",,26
150,881,2,3,2,"863,877","863,877,881",,26
151,883,3,4,3,"863,877,881","863,877,881,883",26,26
152,887,0,1,0,,887,,27
153,907,1,2,1,887,"887,907",,27
154,911,2,2,2,"887,907","887,907",,27
155,919,2,2,2,"887,907","887,907",,27
156,929,2,3,2,"887,907","887,907,929",,27
157,937,3,4,3,"887,907,929","887,907,929,937",27,27
158,941,0,1,0,,941,,28
159,947,1,2,1,941,"941,947",,28
160,953,2,2,2,"941,947","941,947",,28
161,967,2,3,2,"941,947","941,947,967",,28
162,971,3,3,2,"941,947,967","941,967,971",,28
163,977,3,3,3,"941,967,971","941,967,971",,28
164,983,3,3,3,"941,967,971","941,967,971",,28
165,991,3,3,2,"941,967,971","941,971,991",,28
166,997,3,4,3,"941,971,991","941,971,991,997",28,28
167,1009,0,1,0,,1009,,29
168,1013,1,2,1,1009,"1009,1013",,29
169,1019,2,3,2,"1009,1013","1009,1013,1019",,29
170,1021,3,3,3,"1009,1013,1019","1009,1013,1019",,29
171,1031,3,3,3,"1009,1013,1019","1009,1013,1019",,29
172,1033,3,3,3,"1009,1013,1019","1009,1013,1019",,29
173,1039,3,4,3,"1009,1013,1019","1009,1013,1019,1039",29,29
174,1049,0,1,0,,1049,,30
175,1051,1,2,1,1049,"1049,1051",,30
176,1061,2,2,2,"1049,1051","1049,1051",,30
177,1063,2,2,2,"1049,1051","1049,1051",,30
178,1069,2,3,2,"1049,1051","1049,1051,1069",,30
179,1087,3,3,2,"1049,1051,1069","1049,1069,1087",,30
180,1091,3,4,3,"1049,1069,1087","1049,1069,1087,1091",30,30
181,1093,0,1,0,,1093,,31
182,1097,1,2,1,1093,"1093,1097",,31
183,1103,2,3,2,"1093,1097","1093,1097,1103",,31
184,1109,3,3,2,"1093,1097,1103","1093,1103,1109",,31
185,1117,3,3,3,"1093,1103,1109","1093,1103,1109",,31
186,1123,3,4,3,"1093,1103,1109","1093,1103,1109,1123",31,31
187,1129,0,1,0,,1129,,32
188,1151,1,2,1,1129,"1129,1151",,32
189,1153,2,2,2,"1129,1151","1129,1151",,32
190,1163,2,2,2,"1129,1151","1129,1151",,32
191,1171,2,3,2,"1129,1151","1129,1151,1171",,32
192,1181,3,4,3,"1129,1151,1171","1129,1151,1171,1181",32,32
193,1187,0,1,0,,1187,,33
194,1193,1,2,1,1187,"1187,1193",,33
195,1201,2,3,2,"1187,1193","1187,1193,1201",,33
196,1213,3,3,3,"1187,1193,1201","1187,1193,1201",,33
197,1217,3,3,2,"1187,1193,1201","1187,1201,1217",,33
198,1223,3,3,3,"1187,1201,1217","1187,1201,1217",,33
199,1229,3,3,3,"1187,1201,1217","1187,1201,1217",,33
200,1231,3,4,3,"1187,1201,1217","1187,1201,1217,1231",33,33
201,1237,0,1,0,,1237,,34
202,1249,1,1,0,1237,1249,,34
203,1259,1,2,1,1249,"1249,1259",,34
204,1277,2,3,2,"1249,1259","1249,1259,1277",,34
205,1279,3,4,3,"1249,1259,1277","1249,1259,1277,1279",34,34
206,1283,0,1,0,,1283,,35
207,1289,1,2,1,1283,"1283,1289",,35
208,1291,2,3,2,"1283,1289","1283,1289,1291",,35
209,1297,3,4,3,"1283,1289,1291","1283,1289,1291,1297",35,35
210,1301,0,1,0,,1301,,36
211,1303,1,2,1,1301,"1301,1303",,36
212,1307,2,3,2,"1301,1303","1301,1303,1307",,36
213,1319,3,3,3,"1301,1303,1307","1301,1303,1307",,36
214,1321,3,4,3,"1301,1303,1307","1301,1303,1307,1321",36,36
215,1327,0,1,0,,1327,,37
216,1361,1,2,1,1327,"1327,1361",,37
217,1367,2,3,2,"1327,1361","1327,1361,1367",,37
218,1373,3,3,2,"1327,1361,1367","1327,1367,1373",,37
219,1381,3,4,3,"1327,1367,1373","1327,1367,1373,1381",37,37
220,1399,0,1,0,,1399,,38
221,1409,1,2,1,1399,"1399,1409",,38
222,1423,2,2,2,"1399,1409","1399,1409",,38
223,1427,2,3,2,"1399,1409","1399,1409,1427",,38
224,1429,3,4,3,"1399,1409,1427","1399,1409,1427,1429",38,38
225,1433,0,1,0,,1433,,39
226,1439,1,2,1,1433,"1433,1439",,39
227,1447,2,3,2,"1433,1439","1433,1439,1447",,39
228,1451,3,3,2,"1433,1439,1447","1433,1447,1451",,39
229,1453,3,4,3,"1433,1447,1451","1433,1447,1451,1453",39,39
230,1459,0,1,0,,1459,,40
231,1471,1,1,0,1459,1471,,40
232,1481,1,2,1,1471,"1471,1481",,40
233,1483,2,2,2,"1471,1481","1471,1481",,40
234,1487,2,3,2,"1471,1481","1471,1481,1487",,40
235,1489,3,4,3,"1471,1481,1487","1471,1481,1487,1489",40,40
236,1493,0,1,0,,1493,,41
237,1499,1,2,1,1493,"1493,1499",,41
238,1511,2,2,2,"1493,1499","1493,1499",,41
239,1523,2,2,2,"1493,1499","1493,1499",,41
240,1531,2,3,2,"1493,1499","1493,1499,1531",,41
241,1543,3,3,3,"1493,1499,1531","1493,1499,1531",,41
242,1549,3,4,3,"1493,1499,1531","1493,1499,1531,1549",41,41
243,1553,0,1,0,,1553,,42
244,1559,1,2,1,1553,"1553,1559",,42
245,1567,2,3,2,"1553,1559","1553,1559,1567",,42
246,1571,3,3,2,"1553,1559,1567","1553,1567,1571",,42
247,1579,3,3,2,"1553,1567,1571","1553,1571,1579",,42
248,1583,3,3,2,"1553,1571,1579","1553,1579,1583",,42
249,1597,3,4,3,"1553,1579,1583","1553,1579,1583,1597",42,42
250,1601,0,1,0,,1601,,43
251,1607,1,2,1,1601,"1601,1607",,43
252,1609,2,3,2,"1601,1607","1601,1607,1609",,43
253,1613,3,3,3,"1601,1607,1609","1601,1607,1609",,43
254,1619,3,3,2,"1601,1607,1609","1601,1609,1619",,43
255,1621,3,3,2,"1601,1609,1619","1601,1619,1621",,43
256,1627,3,4,3,"1601,1619,1621","1601,1619,1621,1627",43,43
257,1637,0,1,0,,1637,,44
258,1657,1,2,1,1637,"1637,1657",,44
259,1663,2,3,2,"1637,1657","1637,1657,1663",,44
260,1667,3,4,3,"1637,1657,1663","1637,1657,1663,1667",44,44
261,1669,0,1,0,,1669,,45
262,1693,1,1,0,1669,1693,,45
263,1697,1,2,1,1693,"1693,1697",,45
264,1699,2,3,2,"1693,1697","1693,1697,1699",,45
265,1709,3,3,2,"1693,1697,1699","1693,1699,1709",,45
266,1721,3,3,3,"1693,1699,1709","1693,1699,1709",,45
267,1723,3,3,2,"1693,1699,1709","1693,1709,1723",,45
268,1733,3,3,2,"1693,1709,1723","1693,1723,1733",,45
269,1741,3,3,3,"1693,1723,1733","1693,1723,1733",,45
270,1747,3,3,2,"1693,1723,1733","1693,1733,1747",,45
271,1753,3,3,3,"1693,1733,1747","1693,1733,1747",,45
272,1759,3,3,3,"1693,1733,1747","1693,1733,1747",,45
273,1777,3,3,3,"1693,1733,1747","1693,1733,1747",,45
274,1783,3,3,3,"1693,1733,1747","1693,1733,1747",,45
275,1787,3,4,3,"1693,1733,1747","1693,1733,1747,1787",45,45
276,1789,0,1,0,,1789,,46
277,1801,1,1,0,1789,1801,,46
278,1811,1,2,1,1801,"1801,1811",,46
279,1823,2,2,2,"1801,1811","1801,1811",,46
280,1831,2,3,2,"1801,1811","1801,1811,1831",,46
281,1847,3,3,2,"1801,1811,1831","1801,1831,1847",,46
282,1861,3,3,3,"1801,1831,1847","1801,1831,1847",,46
283,1867,3,3,2,"1801,1831,1847","1801,1847,1867",,46
284,1871,3,3,2,"1801,1847,1867","1801,1867,1871",,46
285,1873,3,3,3,"1801,1867,1871","1801,1867,1871",,46
286,1877,3,4,3,"1801,1867,1871","1801,1867,1871,1877",46,46
287,1879,0,1,0,,1879,,47
288,1889,1,2,1,1879,"1879,1889",,47
289,1901,2,2,2,"1879,1889","1879,1889",,47
290,1907,2,3,2,"1879,1889","1879,1889,1907",,47
291,1913,3,3,2,"1879,1889,1907","1879,1907,1913",,47
292,1931,3,3,2,"1879,1907,1913","1879,1913,1931",,47
293,1933,3,4,3,"1879,1913,1931","1879,1913,1931,1933",47,47
294,1949,0,1,0,,1949,,48
295,1951,1,2,1,1949,"1949,1951",,48
296,1973,2,2,2,"1949,1951","1949,1951",,48
297,1979,2,3,2,"1949,1951","1949,1951,1979",,48
298,1987,3,3,2,"1949,1951,1979","1949,1979,1987",,48
299,1993,3,4,3,"1949,1979,1987","1949,1979,1987,1993",48,48
300,1997,0,1,0,,1997,,49
301,1999,1,2,1,1997,"1997,1999",,49
302,2003,2,3,2,"1997,1999","1997,1999,2003",,49
303,2011,3,3,2,"1997,1999,2003","1997,2003,2011",,49
304,2017,3,4,3,"1997,2003,2011","1997,2003,2011,2017",49,49
305,2027,0,1,0,,2027,,50
306,2029,1,2,1,2027,"2027,2029",,50
307,2039,2,2,2,"2027,2029","2027,2029",,50
308,2053,2,2,2,"2027,2029","2027,2029",,50
309,2063,2,2,2,"2027,2029","2027,2029",,50
310,2069,2,3,2,"2027,2029","2027,2029,2069",,50
311,2081,3,3,3,"2027,2029,2069","2027,2029,2069",,50
312,2083,3,4,3,"2027,2029,2069","2027,2029,2069,2083",50,50
313,2087,0,1,0,,2087,,51
314,2089,1,2,1,2087,"2087,2089",,51
315,2099,2,2,2,"2087,2089","2087,2089",,51
316,2111,2,2,2,"2087,2089","2087,2089",,51
317,2113,2,2,2,"2087,2089","2087,2089",,51
318,2129,2,3,2,"2087,2089","2087,2089,2129",,51
319,2131,3,4,3,"2087,2089,2129","2087,2089,2129,2131",51,51
320,2137,0,1,0,,2137,,52
321,2141,1,2,1,2137,"2137,2141",,52
322,2143,2,3,2,"2137,2141","2137,2141,2143",,52
323,2153,3,3,2,"2137,2141,2143","2137,2143,2153",,52
324,2161,3,3,3,"2137,2143,2153","2137,2143,2153",,52
325,2179,3,3,2,"2137,2143,2153","2137,2153,2179",,52
326,2203,3,3,3,"2137,2153,2179","2137,2153,2179",,52
327,2207,3,4,3,"2137,2153,2179","2137,2153,2179,2207",52,52
328,2213,0,1,0,,2213,,53
329,2221,1,2,1,2213,"2213,2221",,53
330,2237,2,2,2,"2213,2221","2213,2221",,53
331,2239,2,3,2,"2213,2221","2213,2221,2239",,53
332,2243,3,4,3,"2213,2221,2239","2213,2221,2239,2243",53,53
333,2251,0,1,0,,2251,,54
334,2267,1,2,1,2251,"2251,2267",,54
335,2269,2,3,2,"2251,2267","2251,2267,2269",,54
336,2273,3,4,3,"2251,2267,2269","2251,2267,2269,2273",54,54
337,2281,0,1,0,,2281,,55
338,2287,1,2,1,2281,"2281,2287",,55
339,2293,2,2,2,"2281,2287","2281,2287",,55
340,2297,2,3,2,"2281,2287","2281,2287,2297",,55
341,2309,3,3,3,"2281,2287,2297","2281,2287,2297",,55
342,2311,3,3,2,"2281,2287,2297","2281,2297,2311",,55
343,2333,3,3,2,"2281,2297,2311","2281,2311,2333",,55
344,2339,3,4,3,"2281,2311,2333","2281,2311,2333,2339",55,55
345,2341,0,1,0,,2341,,56
346,2347,1,2,1,2341,"2341,2347",,56
347,2351,2,3,2,"2341,2347","2341,2347,2351",,56
348,2357,3,4,3,"2341,2347,2351","2341,2347,2351,2357",56,56
349,2371,0,1,0,,2371,,57
350,2377,1,2,1,2371,"2371,2377",,57
351,2381,2,3,2,"2371,2377","2371,2377,2381",,57
352,2383,3,3,3,"2371,2377,2381","2371,2377,2381",,57
353,2389,3,3,2,"2371,2377,2381","2371,2381,2389",,57
354,2393,3,3,2,"2371,2381,2389","2371,2389,2393",,57
355,2399,3,4,3,"2371,2389,2393","2371,2389,2393,2399",57,57
356,2411,0,1,0,,2411,,58
357,2417,1,2,1,2411,"2411,2417",,58
358,2423,2,2,2,"2411,2417","2411,2417",,58
359,2437,2,3,2,"2411,2417","2411,2417,2437",,58
360,2441,3,3,2,"2411,2417,2437","2411,2437,2441",,58
361,2447,3,3,3,"2411,2437,2441","2411,2437,2441",,58
362,2459,3,3,3,"2411,2437,2441","2411,2437,2441",,58
363,2467,3,4,3,"2411,2437,2441","2411,2437,2441,2467",58,58
364,2473,0,1,0,,2473,,59
365,2477,1,2,1,2473,"2473,2477",,59
366,2503,2,3,2,"2473,2477","2473,2477,2503",,59
367,2521,3,3,3,"2473,2477,2503","2473,2477,2503",,59
368,2531,3,4,3,"2473,2477,2503","2473,2477,2503,2531",59,59
369,2539,0,1,0,,2539,,60
370,2543,1,2,1,2539,"2539,2543",,60
371,2549,2,3,2,"2539,2543","2539,2543,2549",,60
372,2551,3,3,3,"2539,2543,2549","2539,2543,2549",,60
373,2557,3,4,3,"2539,2543,2549","2539,2543,2549,2557",60,60
374,2579,0,1,0,,2579,,61
375,2591,1,1,0,2579,2591,,61
376,2593,1,2,1,2591,"2591,2593",,61
377,2609,2,3,2,"2591,2593","2591,2593,2609",,61
378,2617,3,3,2,"2591,2593,2609","2591,2609,2617",,61
379,2621,3,3,2,"2591,2609,2617","2591,2617,2621",,61
380,2633,3,3,3,"2591,2617,2621","2591,2617,2621",,61
381,2647,3,4,3,"2591,2617,2621","2591,2617,2621,2647",61,61
382,2657,0,1,0,,2657,,62
383,2659,1,2,1,2657,"2657,2659",,62
384,2663,2,3,2,"2657,2659","2657,2659,2663",,62
385,2671,3,3,2,"2657,2659,2663","2657,2663,2671",,62
386,2677,3,4,3,"2657,2663,2671","2657,2663,2671,2677",62,62
387,2683,0,1,0,,2683,,63
388,2687,1,2,1,2683,"2683,2687",,63
389,2689,2,3,2,"2683,2687","2683,2687,2689",,63
390,2693,3,4,3,"2683,2687,2689","2683,2687,2689,2693",63,63
391,2699,0,1,0,,2699,,64
392,2707,1,2,1,2699,"2699,2707",,64
393,2711,2,2,2,"2699,2707","2699,2707",,64
394,2713,2,3,2,"2699,2707","2699,2707,2713",,64
395,2719,3,3,2,"2699,2707,2713","2699,2713,2719",,64
396,2729,3,4,3,"2699,2713,2719","2699,2713,2719,2729",64,64
397,2731,0,1,0,,2731,,65
398,2741,1,2,1,2731,"2731,2741",,65
399,2749,2,3,2,"2731,2741","2731,2741,2749",,65
400,2753,3,3,2,"2731,2741,2749","2731,2749,2753",,65
401,2767,3,3,3,"2731,2749,2753","2731,2749,2753",,65
402,2777,3,3,3,"2731,2749,2753","2731,2749,2753",,65
403,2789,3,3,3,"2731,2749,2753","2731,2749,2753",,65
404,2791,3,3,3,"2731,2749,2753","2731,2749,2753",,65
405,2797,3,3,2,"2731,2749,2753","2731,2753,2797",,65
406,2801,3,3,2,"2731,2753,2797","2731,2797,2801",,65
407,2803,3,3,3,"2731,2797,2801","2731,2797,2801",,65
408,2819,3,4,3,"2731,2797,2801","2731,2797,2801,2819",65,65
409,2833,0,1,0,,2833,,66
410,2837,1,2,1,2833,"2833,2837",,66
411,2843,2,3,2,"2833,2837","2833,2837,2843",,66
412,2851,3,4,3,"2833,2837,2843","2833,2837,2843,2851",66,66
413,2857,0,1,0,,2857,,67
414,2861,1,2,1,2857,"2857,2861",,67
415,2879,2,3,2,"2857,2861","2857,2861,2879",,67
416,2887,3,4,3,"2857,2861,2879","2857,2861,2879,2887",67,67
417,2897,0,1,0,,2897,,68
418,2903,1,2,1,2897,"2897,2903",,68
419,2909,2,2,2,"2897,2903","2897,2903",,68
420,2917,2,3,2,"2897,2903","2897,2903,2917",,68
421,2927,3,3,2,"2897,2903,2917","2897,2917,2927",,68
422,2939,3,3,3,"2897,2917,2927","2897,2917,2927",,68
423,2953,3,3,2,"2897,2917,2927","2897,2927,2953",,68
424,2957,3,3,3,"2897,2927,2953","2897,2927,2953",,68
425,2963,3,3,2,"2897,2927,2953","2897,2953,2963",,68
426,2969,3,3,3,"2897,2953,2963","2897,2953,2963",,68
427,2971,3,4,3,"2897,2953,2963","2897,2953,2963,2971",68,68
428,2999,0,1,0,,2999,,69
429,3001,1,2,1,2999,"2999,3001",,69
430,3011,2,2,2,"2999,3001","2999,3001",,69
431,3019,2,3,2,"2999,3001","2999,3001,3019",,69
432,3023,3,3,3,"2999,3001,3019","2999,3001,3019",,69
433,3037,3,3,2,"2999,3001,3019","2999,3019,3037",,69
434,3041,3,4,3,"2999,3019,3037","2999,3019,3037,3041",69,69
435,3049,0,1,0,,3049,,70
436,3061,1,1,0,3049,3061,,70
437,3067,1,2,1,3061,"3061,3067",,70
438,3079,2,2,2,"3061,3067","3061,3067",,70
439,3083,2,3,2,"3061,3067","3061,3067,3083",,70
440,3089,3,4,3,"3061,3067,3083","3061,3067,3083,3089",70,70
441,3109,0,1,0,,3109,,71
442,3119,1,2,1,3109,"3109,3119",,71
443,3121,2,2,2,"3109,3119","3109,3119",,71
444,3137,2,3,2,"3109,3119","3109,3119,3137",,71
445,3163,3,4,3,"3109,3119,3137","3109,3119,3137,3163",71,71
446,3167,0,1,0,,3167,,72
447,3169,1,2,1,3167,"3167,3169",,72
448,3181,2,2,2,"3167,3169","3167,3169",,72
449,3187,2,3,2,"3167,3169","3167,3169,3187",,72
450,3191,3,3,3,"3167,3169,3187","3167,3169,3187",,72
451,3203,3,3,3,"3167,3169,3187","3167,3169,3187",,72
452,3209,3,4,3,"3167,3169,3187","3167,3169,3187,3209",72,72
453,3217,0,1,0,,3217,,73
454,3221,1,2,1,3217,"3217,3221",,73
455,3229,2,2,2,"3217,3221","3217,3221",,73
456,3251,2,3,2,"3217,3221","3217,3221,3251",,73
457,3253,3,3,3,"3217,3221,3251","3217,3221,3251",,73
458,3257,3,3,2,"3217,3221,3251","3217,3251,3257",,73
459,3259,3,4,3,"3217,3251,3257","3217,3251,3257,3259",73,73
460,3271,0,1,0,,3271,,74
461,3299,1,2,1,3271,"3271,3299",,74
462,3301,2,3,2,"3271,3299","3271,3299,3301",,74
463,3307,3,3,3,"3271,3299,3301","3271,3299,3301",,74
464,3313,3,3,3,"3271,3299,3301","3271,3299,3301",,74
465,3319,3,3,3,"3271,3299,3301","3271,3299,3301",,74
466,3323,3,3,2,"3271,3299,3301","3271,3301,3323",,74
467,3329,3,4,3,"3271,3301,3323","3271,3301,3323,3329",74,74
468,3331,0,1,0,,3331,,75
469,3343,1,1,0,3331,3343,,75
470,3347,1,2,1,3343,"3343,3347",,75
471,3359,2,2,2,"3343,3347","3343,3347",,75
472,3361,2,3,2,"3343,3347","3343,3347,3361",,75
473,3371,3,3,2,"3343,3347,3361","3343,3361,3371",,75
474,3373,3,3,2,"3343,3361,3371","3343,3371,3373",,75
475,3389,3,4,3,"3343,3371,3373","3343,3371,3373,3389",75,75
476,3391,0,1,0,,3391,,76
477,3407,1,2,1,3391,"3391,3407",,76
478,3413,2,3,2,"3391,3407","3391,3407,3413",,76
479,3433,3,4,3,"3391,3407,3413","3391,3407,3413,3433",76,76
480,3449,0,1,0,,3449,,77
481,3457,1,2,1,3449,"3449,3457",,77
482,3461,2,2,2,"3449,3457","3449,3457",,77
483,3463,2,3,2,"3449,3457","3449,3457,3463",,77
484,3467,3,4,3,"3449,3457,3463","3449,3457,3463,3467",77,77
485,3469,0,1,0,,3469,,78
486,3491,1,2,1,3469,"3469,3491",,78
487,3499,2,3,2,"3469,3491","3469,3491,3499",,78
488,3511,3,3,3,"3469,3491,3499","3469,3491,3499",,78
489,3517,3,3,3,"3469,3491,3499","3469,3491,3499",,78
490,3527,3,3,2,"3469,3491,3499","3469,3499,3527",,78
491,3529,3,3,3,"3469,3499,3527","3469,3499,3527",,78
492,3533,3,4,3,"3469,3499,3527","3469,3499,3527,3533",78,78
493,3539,0,1,0,,3539,,79
494,3541,1,2,1,3539,"3539,3541",,79
495,3547,2,3,2,"3539,3541","3539,3541,3547",,79
496,3557,3,4,3,"3539,3541,3547","3539,3541,3547,3557",79,79
497,3559,0,1,0,,3559,,80
498,3571,1,1,0,3559,3571,,80
499,3581,1,2,1,3571,"3571,3581",,80
500,3583,2,2,2,"3571,3581","3571,3581",,80
501,3593,2,2,2,"3571,3581","3571,3581",,80
502,3607,2,2,2,"3571,3581","3571,3581",,80
503,3613,2,3,2,"3571,3581","3571,3581,3613",,80
504,3617,3,3,2,"3571,3581,3613","3571,3613,3617",,80
505,3623,3,4,3,"3571,3613,3617","3571,3613,3617,3623",80,80
506,3631,0,1,0,,3631,,81
507,3637,1,2,1,3631,"3631,3637",,81
508,3643,2,2,2,"3631,3637","3631,3637",,81
509,3659,2,3,2,"3631,3637","3631,3637,3659",,81
510,3671,3,3,3,"3631,3637,3659","3631,3637,3659",,81
511,3673,3,3,2,"3631,3637,3659","3631,3659,3673",,81
512,3677,3,4,3,"3631,3659,3673","3631,3659,3673,3677",81,81
513,3691,0,1,0,,3691,,82
514,3697,1,2,1,3691,"3691,3697",,82
515,3701,2,3,2,"3691,3697","3691,3697,3701",,82
516,3709,3,3,2,"3691,3697,3701","3691,3701,3709",,82
517,3719,3,4,3,"3691,3701,3709","3691,3701,3709,3719",82,82
518,3727,0,1,0,,3727,,83
519,3733,1,2,1,3727,"3727,3733",,83
520,3739,2,2,2,"3727,3733","3727,3733",,83
521,3761,2,3,2,"3727,3733","3727,3733,3761",,83
522,3767,3,4,3,"3727,3733,3761","3727,3733,3761,3767",83,83
523,3769,0,1,0,,3769,,84
524,3779,1,2,1,3769,"3769,3779",,84
525,3793,2,2,2,"3769,3779","3769,3779",,84
526,3797,2,3,2,"3769,3779","3769,3779,3797",,84
527,3803,3,3,2,"3769,3779,3797","3769,3797,3803",,84
528,3821,3,3,2,"3769,3797,3803","3769,3803,3821",,84
529,3823,3,4,3,"3769,3803,3821","3769,3803,3821,3823",84,84
530,3833,0,1,0,,3833,,85
531,3847,1,2,1,3833,"3833,3847",,85
532,3851,2,3,2,"3833,3847","3833,3847,3851",,85
533,3853,3,4,3,"3833,3847,3851","3833,3847,3851,3853",85,85
534,3863,0,1,0,,3863,,86
535,3877,1,2,1,3863,"3863,3877",,86
536,3881,2,3,2,"3863,3877","3863,3877,3881",,86
537,3889,3,3,2,"3863,3877,3881","3863,3881,3889",,86
538,3907,3,4,3,"3863,3881,3889","3863,3881,3889,3907",86,86
539,3911,0,1,0,,3911,,87
540,3917,1,2,1,3911,"3911,3917",,87
541,3919,2,3,2,"3911,3917","3911,3917,3919",,87
542,3923,3,3,3,"3911,3917,3919","3911,3917,3919",,87
543,3929,3,3,2,"3911,3917,3919","3911,3919,3929",,87
544,3931,3,3,2,"3911,3919,3929","3911,3929,3931",,87
545,3943,3,3,3,"3911,3929,3931","3911,3929,3931",,87
546,3947,3,3,3,"3911,3929,3931","3911,3929,3931",,87
547,3967,3,3,3,"3911,3929,3931","3911,3929,3931",,87
548,3989,3,3,2,"3911,3929,3931","3911,3931,3989",,87
549,4001,3,3,3,"3911,3931,3989","3911,3931,3989",,87
550,4003,3,3,2,"3911,3931,3989","3911,3989,4003",,87
551,4007,3,3,3,"3911,3989,4003","3911,3989,4003",,87
552,4013,3,3,2,"3911,3989,4003","3911,4003,4013",,87
553,4019,3,3,3,"3911,4003,4013","3911,4003,4013",,87
554,4021,3,4,3,"3911,4003,4013","3911,4003,4013,4021",87,87
555,4027,0,1,0,,4027,,88
556,4049,1,2,1,4027,"4027,4049",,88
557,4051,2,2,2,"4027,4049","4027,4049",,88
558,4057,2,3,2,"4027,4049","4027,4049,4057",,88
559,4073,3,3,2,"4027,4049,4057","4027,4057,4073",,88
560,4079,3,4,3,"4027,4057,4073","4027,4057,4073,4079",88,88
561,4091,0,1,0,,4091,,89
562,4093,1,2,1,4091,"4091,4093",,89
563,4099,2,3,2,"4091,4093","4091,4093,4099",,89
564,4111,3,3,3,"4091,4093,4099","4091,4093,4099",,89
565,4127,3,3,3,"4091,4093,4099","4091,4093,4099",,89
566,4129,3,3,2,"4091,4093,4099","4091,4099,4129",,89
567,4133,3,4,3,"4091,4099,4129","4091,4099,4129,4133",89,89
568,4139,0,1,0,,4139,,90
569,4153,1,2,1,4139,"4139,4153",,90
570,4157,2,3,2,"4139,4153","4139,4153,4157",,90
571,4159,3,4,3,"4139,4153,4157","4139,4153,4157,4159",90,90
572,4177,0,1,0,,4177,,91
573,4201,1,1,0,4177,4201,,91
574,4211,1,2,1,4201,"4201,4211",,91
575,4217,2,3,2,"4201,4211","4201,4211,4217",,91
576,4219,3,4,3,"4201,4211,4217","4201,4211,4217,4219",91,91
577,4229,0,1,0,,4229,,92
578,4231,1,2,1,4229,"4229,4231",,92
579,4241,2,2,2,"4229,4231","4229,4231",,92
580,4243,2,2,2,"4229,4231","4229,4231",,92
581,4253,2,2,2,"4229,4231","4229,4231",,92
582,4259,2,3,2,"4229,4231","4229,4231,4259",,92
583,4261,3,4,3,"4229,4231,4259","4229,4231,4259,4261",92,92
584,4271,0,1,0,,4271,,93
585,4273,1,2,1,4271,"4271,4273",,93
586,4283,2,2,2,"4271,4273","4271,4273",,93
587,4289,2,3,2,"4271,4273","4271,4273,4289",,93
588,4297,3,3,2,"4271,4273,4289","4271,4289,4297",,93
589,4327,3,4,3,"4271,4289,4297","4271,4289,4297,4327",93,93
590,4337,0,1,0,,4337,,94
591,4339,1,2,1,4337,"4337,4339",,94
592,4349,2,2,2,"4337,4339","4337,4339",,94
593,4357,2,3,2,"4337,4339","4337,4339,4357",,94
594,4363,3,3,2,"4337,4339,4357","4337,4357,4363",,94
595,4373,3,3,3,"4337,4357,4363","4337,4357,4363",,94
596,4391,3,4,3,"4337,4357,4363","4337,4357,4363,4391",94,94
597,4397,0,1,0,,4397,,95
598,4409,1,1,0,4397,4409,,95
599,4421,1,1,0,4409,4421,,95
600,4423,1,2,1,4421,"4421,4423",,95
601,4441,2,3,2,"4421,4423","4421,4423,4441",,95
602,4447,3,3,2,"4421,4423,4441","4421,4441,4447",,95
603,4451,3,4,3,"4421,4441,4447","4421,4441,4447,4451",95,95
604,4457,0,1,0,,4457,,96
605,4463,1,2,1,4457,"4457,4463",,96
606,4481,2,2,2,"4457,4463","4457,4463",,96
607,4483,2,3,2,"4457,4463","4457,4463,4483",,96
608,4493,3,3,3,"4457,4463,4483","4457,4463,4483",,96
609,4507,3,3,3,"4457,4463,4483","4457,4463,4483",,96
610,4513,3,4,3,"4457,4463,4483","4457,4463,4483,4513",96,96
611,4517,0,1,0,,4517,,97
612,4519,1,2,1,4517,"4517,4519",,97
613,4523,2,3,2,"4517,4519","4517,4519,4523",,97
614,4547,3,3,3,"4517,4519,4523","4517,4519,4523",,97
615,4549,3,4,3,"4517,4519,4523","4517,4519,4523,4549",97,97
616,4561,0,1,0,,4561,,98
617,4567,1,2,1,4561,"4561,4567",,98
618,4583,2,3,2,"4561,4567","4561,4567,4583",,98
619,4591,3,3,2,"4561,4567,4583","4561,4583,4591",,98
620,4597,3,3,3,"4561,4583,4591","4561,4583,4591",,98
621,4603,3,3,3,"4561,4583,4591","4561,4583,4591",,98
622,4621,3,3,3,"4561,4583,4591","4561,4583,4591",,98
623,4637,3,4,3,"4561,4583,4591","4561,4583,4591,4637",98,98
624,4639,0,1,0,,4639,,99
625,4643,1,2,1,4639,"4639,4643",,99
626,4649,2,3,2,"4639,4643","4639,4643,4649",,99
627,4651,3,3,3,"4639,4643,4649","4639,4643,4649",,99
628,4657,3,4,3,"4639,4643,4649","4639,4643,4649,4657",99,99
629,4663,0,1,0,,4663,,100
630,4673,1,2,1,4663,"4663,4673",,100
631,4679,2,3,2,"4663,4673","4663,4673,4679",,100
632,4691,3,3,3,"4663,4673,4679","4663,4673,4679",,100
633,4703,3,3,3,"4663,4673,4679","4663,4673,4679",,100
634,4721,3,3,2,"4663,4673,4679","4663,4679,4721",,100
635,4723,3,3,3,"4663,4679,4721","4663,4679,4721",,100
636,4729,3,4,3,"4663,4679,4721","4663,4679,4721,4729",100,100
637,4733,0,1,0,,4733,,101
638,4751,1,2,1,4733,"4733,4751",,101
639,4759,2,3,2,"4733,4751","4733,4751,4759",,101
640,4783,3,3,3,"4733,4751,4759","4733,4751,4759",,101
641,4787,3,3,2,"4733,4751,4759","4733,4759,4787",,101
642,4789,3,4,3,"4733,4759,4787","4733,4759,4787,4789",101,101
643,4793,0,1,0,,4793,,102
644,4799,1,2,1,4793,"4793,4799",,102
645,4801,2,3,2,"4793,4799","4793,4799,4801",,102
646,4813,3,3,3,"4793,4799,4801","4793,4799,4801",,102
647,4817,3,3,3,"4793,4799,4801","4793,4799,4801",,102
648,4831,3,4,3,"4793,4799,4801","4793,4799,4801,4831",102,102
649,4861,0,1,0,,4861,,103
650,4871,1,2,1,4861,"4861,4871",,103
651,4877,2,3,2,"4861,4871","4861,4871,4877",,103
652,4889,3,3,3,"4861,4871,4877","4861,4871,4877",,103
653,4903,3,4,3,"4861,4871,4877","4861,4871,4877,4903",103,103
654,4909,0,1,0,,4909,,104
655,4919,1,2,1,4909,"4909,4919",,104
656,4931,2,2,2,"4909,4919","4909,4919",,104
657,4933,2,2,2,"4909,4919","4909,4919",,104
658,4937,2,3,2,"4909,4919","4909,4919,4937",,104
659,4943,3,3,2,"4909,4919,4937","4909,4937,4943",,104
660,4951,3,4,3,"4909,4937,4943","4909,4937,4943,4951",104,104
661,4957,0,1,0,,4957,,105
662,4967,1,2,1,4957,"4957,4967",,105
663,4969,2,2,2,"4957,4967","4957,4967",,105
664,4973,2,3,2,"4957,4967","4957,4967,4973",,105
665,4987,3,4,3,"4957,4967,4973","4957,4967,4973,4987",105,105
666,4993,0,1,0,,4993,,106
667,4999,1,2,1,4993,"4993,4999",,106
668,5003,2,3,2,"4993,4999","4993,4999,5003",,106
669,5009,3,4,3,"4993,4999,5003","4993,4999,5003,5009",106,106
670,5011,0,1,0,,5011,,107
671,5021,1,2,1,5011,"5011,5021",,107
672,5023,2,2,2,"5011,5021","5011,5021",,107
673,5039,2,3,2,"5011,5021","5011,5021,5039",,107
674,5051,3,3,3,"5011,5021,5039","5011,5021,5039",,107
675,5059,3,3,3,"5011,5021,5039","5011,5021,5039",,107
676,5077,3,4,3,"5011,5021,5039","5011,5021,5039,5077",107,107
677,5081,0,1,0,,5081,,108
678,5087,1,2,1,5081,"5081,5087",,108
679,5099,2,2,2,"5081,5087","5081,5087",,108
680,5101,2,3,2,"5081,5087","5081,5087,5101",,108
681,5107,3,4,3,"5081,5087,5101","5081,5087,5101,5107",108,108
682,5113,0,1,0,,5113,,109
683,5119,1,2,1,5113,"5113,5119",,109
684,5147,2,3,2,"5113,5119","5113,5119,5147",,109
685,5153,3,4,3,"5113,5119,5147","5113,5119,5147,5153",109,109
686,5167,0,1,0,,5167,,110
687,5171,1,2,1,5167,"5167,5171",,110
688,5179,2,2,2,"5167,5171","5167,5171",,110
689,5189,2,3,2,"5167,5171","5167,5171,5189",,110
690,5197,3,4,3,"5167,5171,5189","5167,5171,5189,5197",110,110
691,5209,0,1,0,,5209,,111
692,5227,1,2,1,5209,"5209,5227",,111
693,5231,2,3,2,"5209,5227","5209,5227,5231",,111
694,5233,3,3,3,"5209,5227,5231","5209,5227,5231",,111
695,5237,3,4,3,"5209,5227,5231","5209,5227,5231,5237",111,111
696,5261,0,1,0,,5261,,112
697,5273,1,1,0,5261,5273,,112
698,5279,1,2,1,5273,"5273,5279",,112
699,5281,2,3,2,"5273,5279","5273,5279,5281",,112
700,5297,3,3,3,"5273,5279,5281","5273,5279,5281",,112
701,5303,3,3,2,"5273,5279,5281","5273,5281,5303",,112
702,5309,3,3,3,"5273,5281,5303","5273,5281,5303",,112
703,5323,3,4,3,"5273,5281,5303","5273,5281,5303,5323",112,112
704,5333,0,1,0,,5333,,113
705,5347,1,2,1,5333,"5333,5347",,113
706,5351,2,3,2,"5333,5347","5333,5347,5351",,113
707,5381,3,3,3,"5333,5347,5351","5333,5347,5351",,113
708,5387,3,3,3,"5333,5347,5351","5333,5347,5351",,113
709,5393,3,3,3,"5333,5347,5351","5333,5347,5351",,113
710,5399,3,3,3,"5333,5347,5351","5333,5347,5351",,113
711,5407,3,3,2,"5333,5347,5351","5333,5351,5407",,113
712,5413,3,4,3,"5333,5351,5407","5333,5351,5407,5413",113,113
713,5417,0,1,0,,5417,,114
714,5419,1,2,1,5417,"5417,5419",,114
715,5431,2,2,2,"5417,5419","5417,5419",,114
716,5437,2,3,2,"5417,5419","5417,5419,5437",,114
717,5441,3,3,3,"5417,5419,5437","5417,5419,5437",,114
718,5443,3,3,2,"5417,5419,5437","5417,5437,5443",,114
719,5449,3,3,2,"5417,5437,5443","5417,5443,5449",,114
720,5471,3,4,3,"5417,5443,5449","5417,5443,5449,5471",114,114
721,5477,0,1,0,,5477,,115
722,5479,1,2,1,5477,"5477,5479",,115
723,5483,2,3,2,"5477,5479","5477,5479,5483",,115
724,5501,3,3,3,"5477,5479,5483","5477,5479,5483",,115
725,5503,3,3,2,"5477,5479,5483","5477,5483,5503",,115
726,5507,3,3,2,"5477,5483,5503","5477,5503,5507",,115
727,5519,3,3,3,"5477,5503,5507","5477,5503,5507",,115
728,5521,3,4,3,"5477,5503,5507","5477,5503,5507,5521",115,115
729,5527,0,1,0,,5527,,116
730,5531,1,2,1,5527,"5527,5531",,116
731,5557,2,3,2,"5527,5531","5527,5531,5557",,116
732,5563,3,3,3,"5527,5531,5557","5527,5531,5557",,116
733,5569,3,3,3,"5527,5531,5557","5527,5531,5557",,116
734,5573,3,4,3,"5527,5531,5557","5527,5531,5557,5573",116,116
735,5581,0,1,0,,5581,,117
736,5591,1,2,1,5581,"5581,5591",,117
737,5623,2,3,2,"5581,5591","5581,5591,5623",,117
738,5639,3,3,2,"5581,5591,5623","5581,5623,5639",,117
739,5641,3,3,3,"5581,5623,5639","5581,5623,5639",,117
740,5647,3,3,2,"5581,5623,5639","5581,5639,5647",,117
741,5651,3,3,2,"5581,5639,5647","5581,5647,5651",,117
742,5653,3,3,3,"5581,5647,5651","5581,5647,5651",,117
743,5657,3,4,3,"5581,5647,5651","5581,5647,5651,5657",117,117
744,5659,0,1,0,,5659,,118
745,5669,1,2,1,5659,"5659,5669",,118
746,5683,2,2,2,"5659,5669","5659,5669",,118
747,5689,2,3,2,"5659,5669","5659,5669,5689",,118
748,5693,3,3,2,"5659,5669,5689","5659,5689,5693",,118
749,5701,3,3,2,"5659,5689,5693","5659,5693,5701",,118
750,5711,3,4,3,"5659,5693,5701","5659,5693,5701,5711",118,118
751,5717,0,1,0,,5717,,119
752,5737,1,2,1,5717,"5717,5737",,119
753,5741,2,2,2,"5717,5737","5717,5737",,119
754,5743,2,3,2,"5717,5737","5717,5737,5743",,119
755,5749,3,3,2,"5717,5737,5743","5717,5743,5749",,119
756,5779,3,3,2,"5717,5743,5749","5717,5749,5779",,119
757,5783,3,4,3,"5717,5749,5779","5717,5749,5779,5783",119,119
758,5791,0,1,0,,5791,,120
759,5801,1,2,1,5791,"5791,5801",,120
760,5807,2,3,2,"5791,5801","5791,5801,5807",,120
761,5813,3,3,2,"5791,5801,5807","5791,5807,5813",,120
762,5821,3,4,3,"5791,5807,5813","5791,5807,5813,5821",120,120
763,5827,0,1,0,,5827,,121
764,5839,1,1,0,5827,5839,,121
765,5843,1,2,1,5839,"5839,5843",,121
766,5849,2,3,2,"5839,5843","5839,5843,5849",,121
767,5851,3,3,3,"5839,5843,5849","5839,5843,5849",,121
768,5857,3,4,3,"5839,5843,5849","5839,5843,5849,5857",121,121
769,5861,0,1,0,,5861,,122
770,5867,1,2,1,5861,"5861,5867",,122
771,5869,2,3,2,"5861,5867","5861,5867,5869",,122
772,5879,3,3,2,"5861,5867,5869","5861,5869,5879",,122
773,5881,3,3,2,"5861,5869,5879","5861,5879,5881",,122
774,5897,3,3,3,"5861,5879,5881","5861,5879,5881",,122
775,5903,3,3,2,"5861,5879,5881","5861,5881,5903",,122
776,5923,3,4,3,"5861,5881,5903","5861,5881,5903,5923",122,122
777,5927,0,1,0,,5927,,123
778,5939,1,1,0,5927,5939,,123
779,5953,1,2,1,5939,"5939,5953",,123
780,5981,2,3,2,"5939,5953","5939,5953,5981",,123
781,5987,3,3,3,"5939,5953,5981","5939,5953,5981",,123
782,6007,3,4,3,"5939,5953,5981","5939,5953,5981,6007",123,123
783,6011,0,1,0,,6011,,124
784,6029,1,2,1,6011,"6011,6029",,124
785,6037,2,3,2,"6011,6029","6011,6029,6037",,124
786,6043,3,4,3,"6011,6029,6037","6011,6029,6037,6043",124,124
787,6047,0,1,0,,6047,,125
788,6053,1,2,1,6047,"6047,6053",,125
789,6067,2,3,2,"6047,6053","6047,6053,6067",,125
790,6073,3,4,3,"6047,6053,6067","6047,6053,6067,6073",125,125
791,6079,0,1,0,,6079,,126
792,6089,1,2,1,6079,"6079,6089",,126
793,6091,2,2,2,"6079,6089","6079,6089",,126
794,6101,2,2,2,"6079,6089","6079,6089",,126
795,6113,2,2,2,"6079,6089","6079,6089",,126
796,6121,2,3,2,"6079,6089","6079,6089,6121",,126
797,6131,3,4,3,"6079,6089,6121","6079,6089,6121,6131",126,126
798,6133,0,1,0,,6133,,127
799,6143,1,2,1,6133,"6133,6143",,127
800,6151,2,3,2,"6133,6143","6133,6143,6151",,127
801,6163,3,3,3,"6133,6143,6151","6133,6143,6151",,127
802,6173,3,4,3,"6133,6143,6151","6133,6143,6151,6173",127,127
803,6197,0,1,0,,6197,,128
804,6199,1,2,1,6197,"6197,6199",,128
805,6203,2,3,2,"6197,6199","6197,6199,6203",,128
806,6211,3,3,2,"6197,6199,6203","6197,6203,6211",,128
807,6217,3,4,3,"6197,6203,6211","6197,6203,6211,6217",128,128
808,6221,0,1,0,,6221,,129
809,6229,1,2,1,6221,"6221,6229",,129
810,6247,2,3,2,"6221,6229","6221,6229,6247",,129
811,6257,3,3,3,"6221,6229,6247","6221,6229,6247",,129
812,6263,3,4,3,"6221,6229,6247","6221,6229,6247,6263",129,129
813,6269,0,1,0,,6269,,130
814,6271,1,2,1,6269,"6269,6271",,130
815,6277,2,3,2,"6269,6271","6269,6271,6277",,130
816,6287,3,4,3,"6269,6271,6277","6269,6271,6277,6287",130,130
817,6299,0,1,0,,6299,,131
818,6301,1,2,1,6299,"6299,6301",,131
819,6311,2,2,2,"6299,6301","6299,6301",,131
820,6317,2,3,2,"6299,6301","6299,6301,6317",,131
821,6323,3,3,3,"6299,6301,6317","6299,6301,6317",,131
822,6329,3,3,3,"6299,6301,6317","6299,6301,6317",,131
823,6337,3,3,2,"6299,6301,6317","6299,6317,6337",,131
824,6343,3,4,3,"6299,6317,6337","6299,6317,6337,6343",131,131
825,6353,0,1,0,,6353,,132
826,6359,1,2,1,6353,"6353,6359",,132
827,6361,2,3,2,"6353,6359","6353,6359,6361",,132
828,6367,3,4,3,"6353,6359,6361","6353,6359,6361,6367",132,132
829,6373,0,1,0,,6373,,133
830,6379,1,2,1,6373,"6373,6379",,133
831,6389,2,3,2,"6373,6379","6373,6379,6389",,133
832,6397,3,3,3,"6373,6379,6389","6373,6379,6389",,133
833,6421,3,3,3,"6373,6379,6389","6373,6379,6389",,133
834,6427,3,3,2,"6373,6379,6389","6373,6389,6427",,133
835,6449,3,3,2,"6373,6389,6427","6373,6427,6449",,133
836,6451,3,3,2,"6373,6427,6449","6373,6449,6451",,133
837,6469,3,3,3,"6373,6449,6451","6373,6449,6451",,133
838,6473,3,3,2,"6373,6449,6451","6373,6451,6473",,133
839,6481,3,3,3,"6373,6451,6473","6373,6451,6473",,133
840,6491,3,4,3,"6373,6451,6473","6373,6451,6473,6491",133,133
841,6521,0,1,0,,6521,,134
842,6529,1,2,1,6521,"6521,6529",,134
843,6547,2,3,2,"6521,6529","6521,6529,6547",,134
844,6551,3,4,3,"6521,6529,6547","6521,6529,6547,6551",134,134
845,6553,0,1,0,,6553,,135
846,6563,1,2,1,6553,"6553,6563",,135
847,6569,2,3,2,"6553,6563","6553,6563,6569",,135
848,6571,3,4,3,"6553,6563,6569","6553,6563,6569,6571",135,135
849,6577,0,1,0,,6577,,136
850,6581,1,2,1,6577,"6577,6581",,136
851,6599,2,3,2,"6577,6581","6577,6581,6599",,136
852,6607,3,4,3,"6577,6581,6599","6577,6581,6599,6607",136,136
853,6619,0,1,0,,6619,,137
854,6637,1,2,1,6619,"6619,6637",,137
855,6653,2,3,2,"6619,6637","6619,6637,6653",,137
856,6659,3,4,3,"6619,6637,6653","6619,6637,6653,6659",137,137
857,6661,0,1,0,,6661,,138
858,6673,1,1,0,6661,6673,,138
859,6679,1,2,1,6673,"6673,6679",,138
860,6689,2,3,2,"6673,6679","6673,6679,6689",,138
861,6691,3,3,2,"6673,6679,6689","6673,6689,6691",,138
862,6701,3,3,2,"6673,6689,6691","6673,6691,6701",,138
863,6703,3,3,2,"6673,6691,6701","6673,6701,6703",,138
864,6709,3,3,3,"6673,6701,6703","6673,6701,6703",,138
865,6719,3,4,3,"6673,6701,6703","6673,6701,6703,6719",138,138
866,6733,0,1,0,,6733,,139
867,6737,1,2,1,6733,"6733,6737",,139
868,6761,2,2,2,"6733,6737","6733,6737",,139
869,6763,2,3,2,"6733,6737","6733,6737,6763",,139
870,6779,3,4,3,"6733,6737,6763","6733,6737,6763,6779",139,139
871,6781,0,1,0,,6781,,140
872,6791,1,2,1,6781,"6781,6791",,140
873,6793,2,2,2,"6781,6791","6781,6791",,140
874,6803,2,2,2,"6781,6791","6781,6791",,140
875,6823,2,3,2,"6781,6791","6781,6791,6823",,140
876,6827,3,3,2,"6781,6791,6823","6781,6823,6827",,140
877,6829,3,3,3,"6781,6823,6827","6781,6823,6827",,140
878,6833,3,4,3,"6781,6823,6827","6781,6823,6827,6833",140,140
879,6841,0,1,0,,6841,,141
880,6857,1,2,1,6841,"6841,6857",,141
881,6863,2,3,2,"6841,6857","6841,6857,6863",,141
882,6869,3,3,2,"6841,6857,6863","6841,6863,6869",,141
883,6871,3,4,3,"6841,6863,6869","6841,6863,6869,6871",141,141
884,6883,0,1,0,,6883,,142
885,6899,1,2,1,6883,"6883,6899",,142
886,6907,2,2,2,"6883,6899","6883,6899",,142
887,6911,2,2,2,"6883,6899","6883,6899",,142
888,6917,2,3,2,"6883,6899","6883,6899,6917",,142
889,6947,3,3,2,"6883,6899,6917","6883,6917,6947",,142
890,6949,3,4,3,"6883,6917,6947","6883,6917,6947,6949",142,142
891,6959,0,1,0,,6959,,143
892,6961,1,2,1,6959,"6959,6961",,143
893,6967,2,3,2,"6959,6961","6959,6961,6967",,143
894,6971,3,3,3,"6959,6961,6967","6959,6961,6967",,143
895,6977,3,4,3,"6959,6961,6967","6959,6961,6967,6977",143,143
896,6983,0,1,0,,6983,,144
897,6991,1,2,1,6983,"6983,6991",,144
898,6997,2,3,2,"6983,6991","6983,6991,6997",,144
899,7001,3,4,3,"6983,6991,6997","6983,6991,6997,7001",144,144
900,7013,0,1,0,,7013,,145
901,7019,1,2,1,7013,"7013,7019",,145
902,7027,2,3,2,"7013,7019","7013,7019,7027",,145
903,7039,3,3,3,"7013,7019,7027","7013,7019,7027",,145
904,7043,3,3,2,"7013,7019,7027","7013,7027,7043",,145
905,7057,3,4,3,"7013,7027,7043","7013,7027,7043,7057",145,145
906,7069,0,1,0,,7069,,146
907,7079,1,2,1,7069,"7069,7079",,146
908,7103,2,2,2,"7069,7079","7069,7079",,146
909,7109,2,3,2,"7069,7079","7069,7079,7109",,146
910,7121,3,3,3,"7069,7079,7109","7069,7079,7109",,146
911,7127,3,3,2,"7069,7079,7109","7069,7109,7127",,146
912,7129,3,3,3,"7069,7109,7127","7069,7109,7127",,146
913,7151,3,3,3,"7069,7109,7127","7069,7109,7127",,146
914,7159,3,4,3,"7069,7109,7127","7069,7109,7127,7159",146,146
915,7177,0,1,0,,7177,,147
916,7187,1,2,1,7177,"7177,7187",,147
917,7193,2,3,2,"7177,7187","7177,7187,7193",,147
918,7207,3,4,3,"7177,7187,7193","7177,7187,7193,7207",147,147
919,7211,0,1,0,,7211,,148
920,7213,1,2,1,7211,"7211,7213",,148
921,7219,2,3,2,"7211,7213","7211,7213,7219",,148
922,7229,3,4,3,"7211,7213,7219","7211,7213,7219,7229",148,148
923,7237,0,1,0,,7237,,149
924,7243,1,2,1,7237,"7237,7243",,149
925,7247,2,3,2,"7237,7243","7237,7243,7247",,149
926,7253,3,4,3,"7237,7243,7247","7237,7243,7247,7253",149,149
927,7283,0,1,0,,7283,,150
928,7297,1,2,1,7283,"7283,7297",,150
929,7307,2,2,2,"7283,7297","7283,7297",,150
930,7309,2,2,2,"7283,7297","7283,7297",,150
931,7321,2,2,2,"7283,7297","7283,7297",,150
932,7331,2,2,2,"7283,7297","7283,7297",,150
933,7333,2,2,2,"7283,7297","7283,7297",,150
934,7349,2,3,2,"7283,7297","7283,7297,7349",,150
935,7351,3,4,3,"7283,7297,7349","7283,7297,7349,7351",150,150
936,7369,0,1,0,,7369,,151
937,7393,1,1,0,7369,7393,,151
938,7411,1,2,1,7393,"7393,7411",,151
939,7417,2,2,2,"7393,7411","7393,7411",,151
940,7433,2,3,2,"7393,7411","7393,7411,7433",,151
941,7451,3,4,3,"7393,7411,7433","7393,7411,7433,7451",151,151
942,7457,0,1,0,,7457,,152
943,7459,1,2,1,7457,"7457,7459",,152
944,7477,2,3,2,"7457,7459","7457,7459,7477",,152
945,7481,3,3,3,"7457,7459,7477","7457,7459,7477",,152
946,7487,3,4,3,"7457,7459,7477","7457,7459,7477,7487",152,152
947,7489,0,1,0,,7489,,153
948,7499,1,2,1,7489,"7489,7499",,153
949,7507,2,3,2,"7489,7499","7489,7499,7507",,153
950,7517,3,4,3,"7489,7499,7507","7489,7499,7507,7517",153,153
951,7523,0,1,0,,7523,,154
952,7529,1,2,1,7523,"7523,7529",,154
953,7537,2,3,2,"7523,7529","7523,7529,7537",,154
954,7541,3,3,2,"7523,7529,7537","7523,7537,7541",,154
955,7547,3,3,3,"7523,7537,7541","7523,7537,7541",,154
956,7549,3,3,2,"7523,7537,7541","7523,7541,7549",,154
957,7559,3,3,3,"7523,7541,7549","7523,7541,7549",,154
958,7561,3,3,3,"7523,7541,7549","7523,7541,7549",,154
959,7573,3,3,3,"7523,7541,7549","7523,7541,7549",,154
960,7577,3,3,2,"7523,7541,7549","7523,7549,7577",,154
961,7583,3,3,3,"7523,7549,7577","7523,7549,7577",,154
962,7589,3,3,3,"7523,7549,7577","7523,7549,7577",,154
963,7591,3,4,3,"7523,7549,7577","7523,7549,7577,7591",154,154
964,7603,0,1,0,,7603,,155
965,7607,1,2,1,7603,"7603,7607",,155
966,7621,2,3,2,"7603,7607","7603,7607,7621",,155
967,7639,3,3,3,"7603,7607,7621","7603,7607,7621",,155
968,7643,3,3,2,"7603,7607,7621","7603,7621,7643",,155
969,7649,3,4,3,"7603,7621,7643","7603,7621,7643,7649",155,155
970,7669,0,1,0,,7669,,156
971,7673,1,2,1,7669,"7669,7673",,156
972,7681,2,2,2,"7669,7673","7669,7673",,156
973,7687,2,3,2,"7669,7673","7669,7673,7687",,156
974,7691,3,4,3,"7669,7673,7687","7669,7673,7687,7691",156,156
975,7699,0,1,0,,7699,,157
976,7703,1,2,1,7699,"7699,7703",,157
977,7717,2,3,2,"7699,7703","7699,7703,7717",,157
978,7723,3,3,3,"7699,7703,7717","7699,7703,7717",,157
979,7727,3,3,2,"7699,7703,7717","7699,7717,7727",,157
980,7741,3,3,2,"7699,7717,7727","7699,7727,7741",,157
981,7753,3,3,3,"7699,7727,7741","7699,7727,7741",,157
982,7757,3,4,3,"7699,7727,7741","7699,7727,7741,7757",157,157
983,7759,0,1,0,,7759,,158
984,7789,1,2,1,7759,"7759,7789",,158
985,7793,2,3,2,"7759,7789","7759,7789,7793",,158
986,7817,3,3,3,"7759,7789,7793","7759,7789,7793",,158
987,7823,3,4,3,"7759,7789,7793","7759,7789,7793,7823",158,158
988,7829,0,1,0,,7829,,159
989,7841,1,1,0,7829,7841,,159
990,7853,1,1,0,7841,7853,,159
991,7867,1,2,1,7853,"7853,7867",,159
992,7873,2,3,2,"7853,7867","7853,7867,7873",,159
993,7877,3,3,3,"7853,7867,7873","7853,7867,7873",,159
994,7879,3,3,2,"7853,7867,7873","7853,7873,7879",,159
995,7883,3,4,3,"7853,7873,7879","7853,7873,7879,7883",159,159
996,7901,0,1,0,,7901,,160
997,7907,1,2,1,7901,"7901,7907",,160
998,7919,2,2,2,"7901,7907","7901,7907",,160
999,7927,2,3,2,"7901,7907","7901,7907,7927",,160
1000,7933,3,4,3,"7901,7907,7927","7901,7907,7927,7933",160,160
1001,7937,0,1,0,,7937,,161
1002,7949,1,1,0,7937,7949,,161
1003,7951,1,2,1,7949,"7949,7951",,161
1004,7963,2,2,2,"7949,7951","7949,7951",,161
1005,7993,2,3,2,"7949,7951","7949,7951,7993",,161
1006,8009,3,3,3,"7949,7951,7993","7949,7951,7993",,161
1007,8011,3,3,2,"7949,7951,7993","7949,7993,8011",,161
1008,8017,3,3,2,"7949,7993,8011","7949,8011,8017",,161
1009,8039,3,4,3,"7949,8011,8017","7949,8011,8017,8039",161,161
1010,8053,0,1,0,,8053,,162
1011,8059,1,2,1,8053,"8053,8059",,162
1012,8069,2,3,2,"8053,8059","8053,8059,8069",,162
1013,8081,3,3,3,"8053,8059,8069","8053,8059,8069",,162
1014,8087,3,4,3,"8053,8059,8069","8053,8059,8069,8087",162,162
1015,8089,0,1,0,,8089,,163
1016,8093,1,2,1,8089,"8089,8093",,163
1017,8101,2,2,2,"8089,8093","8089,8093",,163
1018,8111,2,3,2,"8089,8093","8089,8093,8111",,163
1019,8117,3,3,2,"8089,8093,8111","8089,8111,8117",,163
1020,8123,3,3,2,"8089,8111,8117","8089,8117,8123",,163
1021,8147,3,3,3,"8089,8117,8123","8089,8117,8123",,163
1022,8161,3,3,3,"8089,8117,8123","8089,8117,8123",,163
1023,8167,3,4,3,"8089,8117,8123","8089,8117,8123,8167",163,163
1024,8171,0,1,0,,8171,,164
1025,8179,1,2,1,8171,"8171,8179",,164
1026,8191,2,2,2,"8171,8179","8171,8179",,164
1027,8209,2,3,2,"8171,8179","8171,8179,8209",,164
1028,8219,3,3,3,"8171,8179,8209","8171,8179,8209",,164
1029,8221,3,3,3,"8171,8179,8209","8171,8179,8209",,164
1030,8231,3,3,3,"8171,8179,8209","8171,8179,8209",,164
1031,8233,3,3,3,"8171,8179,8209","8171,8179,8209",,164
1032,8237,3,4,3,"8171,8179,8209","8171,8179,8209,8237",164,164
1033,8243,0,1,0,,8243,,165
1034,8263,1,2,1,8243,"8243,8263",,165
1035,8269,2,3,2,"8243,8263","8243,8263,8269",,165
1036,8273,3,4,3,"8243,8263,8269","8243,8263,8269,8273",165,165
1037,8287,0,1,0,,8287,,166
1038,8291,1,2,1,8287,"8287,8291",,166
1039,8293,2,3,2,"8287,8291","8287,8291,8293",,166
1040,8297,3,4,3,"8287,8291,8293","8287,8291,8293,8297",166,166
1041,8311,0,1,0,,8311,,167
1042,8317,1,2,1,8311,"8311,8317",,167
1043,8329,2,2,2,"8311,8317","8311,8317",,167
1044,8353,2,2,2,"8311,8317","8311,8317",,167
1045,8363,2,3,2,"8311,8317","8311,8317,8363",,167
1046,8369,3,4,3,"8311,8317,8363","8311,8317,8363,8369",167,167
1047,8377,0,1,0,,8377,,168
1048,8387,1,2,1,8377,"8377,8387",,168
1049,8389,2,2,2,"8377,8387","8377,8387",,168
1050,8419,2,3,2,"8377,8387","8377,8387,8419",,168
1051,8423,3,3,2,"8377,8387,8419","8377,8419,8423",,168
1052,8429,3,4,3,"8377,8419,8423","8377,8419,8423,8429",168,168
1053,8431,0,1,0,,8431,,169
1054,8443,1,1,0,8431,8443,,169
1055,8447,1,2,1,8443,"8443,8447",,169
1056,8461,2,3,2,"8443,8447","8443,8447,8461",,169
1057,8467,3,3,3,"8443,8447,8461","8443,8447,8461",,169
1058,8501,3,4,3,"8443,8447,8461","8443,8447,8461,8501",169,169
1059,8513,0,1,0,,8513,,170
1060,8521,1,2,1,8513,"8513,8521",,170
1061,8527,2,3,2,"8513,8521","8513,8521,8527",,170
1062,8537,3,3,3,"8513,8521,8527","8513,8521,8527",,170
1063,8539,3,3,3,"8513,8521,8527","8513,8521,8527",,170
1064,8543,3,4,3,"8513,8521,8527","8513,8521,8527,8543",170,170
1065,8563,0,1,0,,8563,,171
1066,8573,1,2,1,8563,"8563,8573",,171
1067,8581,2,3,2,"8563,8573","8563,8573,8581",,171
1068,8597,3,3,2,"8563,8573,8581","8563,8581,8597",,171
1069,8599,3,3,3,"8563,8581,8597","8563,8581,8597",,171
1070,8609,3,3,3,"8563,8581,8597","8563,8581,8597",,171
1071,8623,3,3,3,"8563,8581,8597","8563,8581,8597",,171
1072,8627,3,4,3,"8563,8581,8597","8563,8581,8597,8627",171,171
1073,8629,0,1,0,,8629,,172
1074,8641,1,1,0,8629,8641,,172
1075,8647,1,2,1,8641,"8641,8647",,172
1076,8663,2,3,2,"8641,8647","8641,8647,8663",,172
1077,8669,3,4,3,"8641,8647,8663","8641,8647,8663,8669",172,172
1078,8677,0,1,0,,8677,,173
1079,8681,1,2,1,8677,"8677,8681",,173
1080,8689,2,2,2,"8677,8681","8677,8681",,173
1081,8693,2,2,2,"8677,8681","8677,8681",,173
1082,8699,2,3,2,"8677,8681","8677,8681,8699",,173
1083,8707,3,4,3,"8677,8681,8699","8677,8681,8699,8707",173,173
1084,8713,0,1,0,,8713,,174
1085,8719,1,2,1,8713,"8713,8719",,174
1086,8731,2,2,2,"8713,8719","8713,8719",,174
1087,8737,2,2,2,"8713,8719","8713,8719",,174
1088,8741,2,3,2,"8713,8719","8713,8719,8741",,174
1089,8747,3,4,3,"8713,8719,8741","8713,8719,8741,8747",174,174
1090,8753,0,1,0,,8753,,175
1091,8761,1,2,1,8753,"8753,8761",,175
1092,8779,2,3,2,"8753,8761","8753,8761,8779",,175
1093,8783,3,4,3,"8753,8761,8779","8753,8761,8779,8783",175,175
1094,8803,0,1,0,,8803,,176
1095,8807,1,2,1,8803,"8803,8807",,176
1096,8819,2,2,2,"8803,8807","8803,8807",,176
1097,8821,2,3,2,"8803,8807","8803,8807,8821",,176
1098,8831,3,3,2,"8803,8807,8821","8803,8821,8831",,176
1099,8837,3,4,3,"8803,8821,8831","8803,8821,8831,8837",176,176
1100,8839,0,1,0,,8839,,177
1101,8849,1,2,1,8839,"8839,8849",,177
1102,8861,2,2,2,"8839,8849","8839,8849",,177
1103,8863,2,2,2,"8839,8849","8839,8849",,177
1104,8867,2,3,2,"8839,8849","8839,8849,8867",,177
1105,8887,3,3,3,"8839,8849,8867","8839,8849,8867",,177
1106,8893,3,4,3,"8839,8849,8867","8839,8849,8867,8893",177,177
1107,8923,0,1,0,,8923,,178
1108,8929,1,2,1,8923,"8923,8929",,178
1109,8933,2,3,2,"8923,8929","8923,8929,8933",,178
1110,8941,3,3,2,"8923,8929,8933","8923,8933,8941",,178
1111,8951,3,4,3,"8923,8933,8941","8923,8933,8941,8951",178,178
1112,8963,0,1,0,,8963,,179
1113,8969,1,2,1,8963,"8963,8969",,179
1114,8971,2,3,2,"8963,8969","8963,8969,8971",,179
1115,8999,3,3,3,"8963,8969,8971","8963,8969,8971",,179
1116,9001,3,4,3,"8963,8969,8971","8963,8969,8971,9001",179,179
1117,9007,0,1,0,,9007,,180
1118,9011,1,2,1,9007,"9007,9011",,180
1119,9013,2,3,2,"9007,9011","9007,9011,9013",,180
1120,9029,3,4,3,"9007,9011,9013","9007,9011,9013,9029",180,180
1121,9041,0,1,0,,9041,,181
1122,9043,1,2,1,9041,"9041,9043",,181
1123,9049,2,3,2,"9041,9043","9041,9043,9049",,181
1124,9059,3,4,3,"9041,9043,9049","9041,9043,9049,9059",181,181
1125,9067,0,1,0,,9067,,182
1126,9091,1,1,0,9067,9091,,182
1127,9103,1,1,0,9091,9103,,182
1128,9109,1,2,1,9103,"9103,9109",,182
1129,9127,2,2,2,"9103,9109","9103,9109",,182
1130,9133,2,2,2,"9103,9109","9103,9109",,182
1131,9137,2,3,2,"9103,9109","9103,9109,9137",,182
1132,9151,3,3,3,"9103,9109,9137","9103,9109,9137",,182
1133,9157,3,3,2,"9103,9109,9137","9103,9137,9157",,182
1134,9161,3,3,2,"9103,9137,9157","9103,9157,9161",,182
1135,9173,3,3,3,"9103,9157,9161","9103,9157,9161",,182
1136,9181,3,3,2,"9103,9157,9161","9103,9161,9181",,182
1137,9187,3,3,3,"9103,9161,9181","9103,9161,9181",,182
1138,9199,3,3,3,"9103,9161,9181","9103,9161,9181",,182
1139,9203,3,4,3,"9103,9161,9181","9103,9161,9181,9203",182,182
1140,9209,0,1,0,,9209,,183
1141,9221,1,1,0,9209,9221,,183
1142,9227,1,2,1,9221,"9221,9227",,183
1143,9239,2,2,2,"9221,9227","9221,9227",,183
1144,9241,2,3,2,"9221,9227","9221,9227,9241",,183
1145,9257,3,3,3,"9221,9227,9241","9221,9227,9241",,183
1146,9277,3,3,3,"9221,9227,9241","9221,9227,9241",,183
1147,9281,3,3,3,"9221,9227,9241","9221,9227,9241",,183
1148,9283,3,4,3,"9221,9227,9241","9221,9227,9241,9283",183,183
1149,9293,0,1,0,,9293,,184
1150,9311,1,2,1,9293,"9293,9311",,184
1151,9319,2,3,2,"9293,9311","9293,9311,9319",,184
1152,9323,3,3,2,"9293,9311,9319","9293,9319,9323",,184
1153,9337,3,4,3,"9293,9319,9323","9293,9319,9323,9337",184,184
1154,9341,0,1,0,,9341,,185
1155,9343,1,2,1,9341,"9341,9343",,185
1156,9349,2,3,2,"9341,9343","9341,9343,9349",,185
1157,9371,3,4,3,"9341,9343,9349","9341,9343,9349,9371",185,185
1158,9377,0,1,0,,9377,,186
1159,9391,1,2,1,9377,"9377,9391",,186
1160,9397,2,3,2,"9377,9391","9377,9391,9397",,186
1161,9403,3,3,2,"9377,9391,9397","9377,9397,9403",,186
1162,9413,3,3,3,"9377,9397,9403","9377,9397,9403",,186
1163,9419,3,4,3,"9377,9397,9403","9377,9397,9403,9419",186,186
1164,9421,0,1,0,,9421,,187
1165,9431,1,2,1,9421,"9421,9431",,187
1166,9433,2,2,2,"9421,9431","9421,9431",,187
1167,9437,2,3,2,"9421,9431","9421,9431,9437",,187
1168,9439,3,4,3,"9421,9431,9437","9421,9431,9437,9439",187,187
1169,9461,0,1,0,,9461,,188
1170,9463,1,2,1,9461,"9461,9463",,188
1171,9467,2,3,2,"9461,9463","9461,9463,9467",,188
1172,9473,3,3,3,"9461,9463,9467","9461,9463,9467",,188
1173,9479,3,3,3,"9461,9463,9467","9461,9463,9467",,188
1174,9491,3,3,3,"9461,9463,9467","9461,9463,9467",,188
1175,9497,3,3,3,"9461,9463,9467","9461,9463,9467",,188
1176,9511,3,3,2,"9461,9463,9467","9461,9467,9511",,188
1177,9521,3,3,3,"9461,9467,9511","9461,9467,9511",,188
1178,9533,3,3,3,"9461,9467,9511","9461,9467,9511",,188
1179,9539,3,3,2,"9461,9467,9511","9461,9511,9539",,188
1180,9547,3,3,2,"9461,9511,9539","9461,9539,9547",,188
1181,9551,3,3,2,"9461,9539,9547","9461,9547,9551",,188
1182,9587,3,3,3,"9461,9547,9551","9461,9547,9551",,188
1183,9601,3,4,3,"9461,9547,9551","9461,9547,9551,9601",188,188
1184,9613,0,1,0,,9613,,189
1185,9619,1,2,1,9613,"9613,9619",,189
1186,9623,2,3,2,"9613,9619","9613,9619,9623",,189
1187,9629,3,4,3,"9613,9619,9623","9613,9619,9623,9629",189,189
1188,9631,0,1,0,,9631,,190
1189,9643,1,1,0,9631,9643,,190
1190,9649,1,2,1,9643,"9643,9649",,190
1191,9661,2,2,2,"9643,9649","9643,9649",,190
1192,9677,2,3,2,"9643,9649","9643,9649,9677",,190
1193,9679,3,3,3,"9643,9649,9677","9643,9649,9677",,190
1194,9689,3,3,3,"9643,9649,9677","9643,9649,9677",,190
1195,9697,3,3,2,"9643,9649,9677","9643,9677,9697",,190
1196,9719,3,4,3,"9643,9677,9697","9643,9677,9697,9719",190,190
1197,9721,0,1,0,,9721,,191
1198,9733,1,1,0,9721,9733,,191
1199,9739,1,2,1,9733,"9733,9739",,191
1200,9743,2,3,2,"9733,9739","9733,9739,9743",,191
1201,9749,3,4,3,"9733,9739,9743","9733,9739,9743,9749",191,191
1202,9767,0,1,0,,9767,,192
1203,9769,1,2,1,9767,"9767,9769",,192
1204,9781,2,2,2,"9767,9769","9767,9769",,192
1205,9787,2,3,2,"9767,9769","9767,9769,9787",,192
1206,9791,3,3,3,"9767,9769,9787","9767,9769,9787",,192
1207,9803,3,3,3,"9767,9769,9787","9767,9769,9787",,192
1208,9811,3,3,3,"9767,9769,9787","9767,9769,9787",,192
1209,9817,3,3,2,"9767,9769,9787","9767,9787,9817",,192
1210,9829,3,3,3,"9767,9787,9817","9767,9787,9817",,192
1211,9833,3,4,3,"9767,9787,9817","9767,9787,9817,9833",192,192
1212,9839,0,1,0,,9839,,193
1213,9851,1,1,0,9839,9851,,193
1214,9857,1,2,1,9851,"9851,9857",,193
1215,9859,2,3,2,"9851,9857","9851,9857,9859",,193
1216,9871,3,3,3,"9851,9857,9859","9851,9857,9859",,193
1217,9883,3,3,3,"9851,9857,9859","9851,9857,9859",,193
1218,9887,3,3,3,"9851,9857,9859","9851,9857,9859",,193
1219,9901,3,4,3,"9851,9857,9859","9851,9857,9859,9901",193,193
1220,9907,0,1,0,,9907,,194
1221,9923,1,2,1,9907,"9907,9923",,194
1222,9929,2,3,2,"9907,9923","9907,9923,9929",,194
1223,9931,3,3,3,"9907,9923,9929","9907,9923,9929",,194
1224,9941,3,3,3,"9907,9923,9929","9907,9923,9929",,194
1225,9949,3,4,3,"9907,9923,9929","9907,9923,9929,9949",194,194
1226,9967,0,1,0,,9967,,195
1227,9973,1,2,1,9967,"9967,9973",,195
1228,10007,2,3,2,"9967,9973","9967,9973,10007",,195
1229,10009,3,3,2,"9967,9973,10007","9967,10007,10009",,195
1230,10037,3,4,3,"9967,10007,10009","9967,10007,10009,10037",195,195
1231,10039,0,1,0,,10039,,196
1232,10061,1,2,1,10039,"10039,10061",,196
1233,10067,2,3,2,"10039,10061","10039,10061,10067",,196
1234,10069,3,4,3,"10039,10061,10067","10039,10061,10067,10069",196,196
1235,10079,0,1,0,,10079,,197
1236,10091,1,1,0,10079,10091,,197
1237,10093,1,2,1,10091,"10091,10093",,197
1238,10099,2,3,2,"10091,10093","10091,10093,10099",,197
1239,10103,3,3,3,"10091,10093,10099","10091,10093,10099",,197
1240,10111,3,3,3,"10091,10093,10099","10091,10093,10099",,197
1241,10133,3,4,3,"10091,10093,10099","10091,10093,10099,10133",197,197
1242,10139,0,1,0,,10139,,198
1243,10141,1,2,1,10139,"10139,10141",,198
1244,10151,2,2,2,"10139,10141","10139,10141",,198
1245,10159,2,3,2,"10139,10141","10139,10141,10159",,198
1246,10163,3,3,3,"10139,10141,10159","10139,10141,10159",,198
1247,10169,3,4,3,"10139,10141,10159","10139,10141,10159,10169",198,198
1248,10177,0,1,0,,10177,,199
1249,10181,1,2,1,10177,"10177,10181",,199
1250,10193,2,2,2,"10177,10181","10177,10181",,199
1251,10211,2,3,2,"10177,10181","10177,10181,10211",,199
1252,10223,3,3,3,"10177,10181,10211","10177,10181,10211",,199
1253,10243,3,4,3,"10177,10181,10211","10177,10181,10211,10243",199,199
1254,10247,0,1,0,,10247,,200
1255,10253,1,2,1,10247,"10247,10253",,200
1256,10259,2,2,2,"10247,10253","10247,10253",,200
1257,10267,2,3,2,"10247,10253","10247,10253,10267",,200
1258,10271,3,3,3,"10247,10253,10267","10247,10253,10267",,200
1259,10273,3,4,3,"10247,10253,10267","10247,10253,10267,10273",200,200
1260,10289,0,1,0,,10289,,201
1261,10301,1,1,0,10289,10301,,201
1262,10303,1,2,1,10301,"10301,10303",,201
1263,10313,2,2,2,"10301,10303","10301,10303",,201
1264,10321,2,3,2,"10301,10303","10301,10303,10321",,201
1265,10331,3,4,3,"10301,10303,10321","10301,10303,10321,10331",201,201
1266,10333,0,1,0,,10333,,202
1267,10337,1,2,1,10333,"10333,10337",,202
1268,10343,2,3,2,"10333,10337","10333,10337,10343",,202
1269,10357,3,3,3,"10333,10337,10343","10333,10337,10343",,202
1270,10369,3,3,3,"10333,10337,10343","10333,10337,10343",,202
1271,10391,3,3,3,"10333,10337,10343","10333,10337,10343",,202
1272,10399,3,4,3,"10333,10337,10343","10333,10337,10343,10399",202,202
1273,10427,0,1,0,,10427,,203
1274,10429,1,2,1,10427,"10427,10429",,203
1275,10433,2,3,2,"10427,10429","10427,10429,10433",,203
1276,10453,3,3,2,"10427,10429,10433","10427,10433,10453",,203
1277,10457,3,3,2,"10427,10433,10453","10427,10453,10457",,203
1278,10459,3,4,3,"10427,10453,10457","10427,10453,10457,10459",203,203
1279,10463,0,1,0,,10463,,204
1280,10477,1,2,1,10463,"10463,10477",,204
1281,10487,2,2,2,"10463,10477","10463,10477",,204
1282,10499,2,2,2,"10463,10477","10463,10477",,204
1283,10501,2,2,2,"10463,10477","10463,10477",,204
1284,10513,2,2,2,"10463,10477","10463,10477",,204
1285,10529,2,3,2,"10463,10477","10463,10477,10529",,204
1286,10531,3,4,3,"10463,10477,10529","10463,10477,10529,10531",204,204
1287,10559,0,1,0,,10559,,205
1288,10567,1,2,1,10559,"10559,10567",,205
1289,10589,2,3,2,"10559,10567","10559,10567,10589",,205
1290,10597,3,4,3,"10559,10567,10589","10559,10567,10589,10597",205,205
1291,10601,0,1,0,,10601,,206
1292,10607,1,2,1,10601,"10601,10607",,206
1293,10613,2,2,2,"10601,10607","10601,10607",,206
1294,10627,2,3,2,"10601,10607","10601,10607,10627",,206
1295,10631,3,3,2,"10601,10607,10627","10601,10627,10631",,206
1296,10639,3,3,2,"10601,10627,10631","10601,10631,10639",,206
1297,10651,3,3,3,"10601,10631,10639","10601,10631,10639",,206
1298,10657,3,4,3,"10601,10631,10639","10601,10631,10639,10657",206,206
1299,10663,0,1,0,,10663,,207
1300,10667,1,2,1,10663,"10663,10667",,207
1301,10687,2,2,2,"10663,10667","10663,10667",,207
1302,10691,2,2,2,"10663,10667","10663,10667",,207
1303,10709,2,3,2,"10663,10667","10663,10667,10709",,207
1304,10711,3,3,3,"10663,10667,10709","10663,10667,10709",,207
1305,10723,3,3,3,"10663,10667,10709","10663,10667,10709",,207
1306,10729,3,4,3,"10663,10667,10709","10663,10667,10709,10729",207,207
1307,10733,0,1,0,,10733,,208
1308,10739,1,2,1,10733,"10733,10739",,208
1309,10753,2,3,2,"10733,10739","10733,10739,10753",,208
1310,10771,3,4,3,"10733,10739,10753","10733,10739,10753,10771",208,208
1311,10781,0,1,0,,10781,,209
1312,10789,1,2,1,10781,"10781,10789",,209
1313,10799,2,3,2,"10781,10789","10781,10789,10799",,209
1314,10831,3,4,3,"10781,10789,10799","10781,10789,10799,10831",209,209
1315,10837,0,1,0,,10837,,210
1316,10847,1,2,1,10837,"10837,10847",,210
1317,10853,2,3,2,"10837,10847","10837,10847,10853",,210
1318,10859,3,3,2,"10837,10847,10853","10837,10853,10859",,210
1319,10861,3,3,3,"10837,10853,10859","10837,10853,10859",,210
1320,10867,3,4,3,"10837,10853,10859","10837,10853,10859,10867",210,210
1321,10883,0,1,0,,10883,,211
1322,10889,1,2,1,10883,"10883,10889",,211
1323,10891,2,3,2,"10883,10889","10883,10889,10891",,211
1324,10903,3,3,3,"10883,10889,10891","10883,10889,10891",,211
1325,10909,3,4,3,"10883,10889,10891","10883,10889,10891,10909",211,211
1326,10937,0,1,0,,10937,,212
1327,10939,1,2,1,10937,"10937,10939",,212
1328,10949,2,2,2,"10937,10939","10937,10939",,212
1329,10957,2,3,2,"10937,10939","10937,10939,10957",,212
1330,10973,3,3,3,"10937,10939,10957","10937,10939,10957",,212
1331,10979,3,4,3,"10937,10939,10957","10937,10939,10957,10979",212,212
1332,10987,0,1,0,,10987,,213
1333,10993,1,2,1,10987,"10987,10993",,213
1334,11003,2,3,2,"10987,10993","10987,10993,11003",,213
1335,11027,3,3,3,"10987,10993,11003","10987,10993,11003",,213
1336,11047,3,3,3,"10987,10993,11003","10987,10993,11003",,213
1337,11057,3,4,3,"10987,10993,11003","10987,10993,11003,11057",213,213
1338,11059,0,1,0,,11059,,214
1339,11069,1,2,1,11059,"11059,11069",,214
1340,11071,2,2,2,"11059,11069","11059,11069",,214
1341,11083,2,2,2,"11059,11069","11059,11069",,214
1342,11087,2,3,2,"11059,11069","11059,11069,11087",,214
1343,11093,3,3,2,"11059,11069,11087","11059,11087,11093",,214
1344,11113,3,4,3,"11059,11087,11093","11059,11087,11093,11113",214,214
1345,11117,0,1,0,,11117,,215
1346,11119,1,2,1,11117,"11117,11119",,215
1347,11131,2,2,2,"11117,11119","11117,11119",,215
1348,11149,2,3,2,"11117,11119","11117,11119,11149",,215
1349,11159,3,4,3,"11117,11119,11149","11117,11119,11149,11159",215,215
1350,11161,0,1,0,,11161,,216
1351,11171,1,2,1,11161,"11161,11171",,216
1352,11173,2,2,2,"11161,11171","11161,11171",,216
1353,11177,2,3,2,"11161,11171","11161,11171,11177",,216
1354,11197,3,3,3,"11161,11171,11177","11161,11171,11177",,216
1355,11213,3,3,3,"11161,11171,11177","11161,11171,11177",,216
1356,11239,3,4,3,"11161,11171,11177","11161,11171,11177,11239",216,216
1357,11243,0,1,0,,11243,,217
1358,11251,1,2,1,11243,"11243,11251",,217
1359,11257,2,3,2,"11243,11251","11243,11251,11257",,217
1360,11261,3,4,3,"11243,11251,11257","11243,11251,11257,11261",217,217
1361,11273,0,1,0,,11273,,218
1362,11279,1,2,1,11273,"11273,11279",,218
1363,11287,2,3,2,"11273,11279","11273,11279,11287",,218
1364,11299,3,3,3,"11273,11279,11287","11273,11279,11287",,218
1365,11311,3,3,3,"11273,11279,11287","11273,11279,11287",,218
1366,11317,3,4,3,"11273,11279,11287","11273,11279,11287,11317",218,218
1367,11321,0,1,0,,11321,,219
1368,11329,1,2,1,11321,"11321,11329",,219
1369,11351,2,3,2,"11321,11329","11321,11329,11351",,219
1370,11353,3,3,2,"11321,11329,11351","11321,11351,11353",,219
1371,11369,3,3,3,"11321,11351,11353","11321,11351,11353",,219
1372,11383,3,4,3,"11321,11351,11353","11321,11351,11353,11383",219,219
1373,11393,0,1,0,,11393,,220
1374,11399,1,2,1,11393,"11393,11399",,220
1375,11411,2,2,2,"11393,11399","11393,11399",,220
1376,11423,2,2,2,"11393,11399","11393,11399",,220
1377,11437,2,3,2,"11393,11399","11393,11399,11437",,220
1378,11443,3,4,3,"11393,11399,11437","11393,11399,11437,11443",220,220
1379,11447,0,1,0,,11447,,221
1380,11467,1,2,1,11447,"11447,11467",,221
1381,11471,2,2,2,"11447,11467","11447,11467",,221
1382,11483,2,2,2,"11447,11467","11447,11467",,221
1383,11489,2,3,2,"11447,11467","11447,11467,11489",,221
1384,11491,3,3,2,"11447,11467,11489","11447,11489,11491",,221
1385,11497,3,4,3,"11447,11489,11491","11447,11489,11491,11497",221,221
1386,11503,0,1,0,,11503,,222
1387,11519,1,2,1,11503,"11503,11519",,222
1388,11527,2,2,2,"11503,11519","11503,11519",,222
1389,11549,2,3,2,"11503,11519","11503,11519,11549",,222
1390,11551,3,3,3,"11503,11519,11549","11503,11519,11549",,222
1391,11579,3,3,2,"11503,11519,11549","11503,11549,11579",,222
1392,11587,3,3,3,"11503,11549,11579","11503,11549,11579",,222
1393,11593,3,4,3,"11503,11549,11579","11503,11549,11579,11593",222,222
1394,11597,0,1,0,,11597,,223
1395,11617,1,2,1,11597,"11597,11617",,223
1396,11621,2,2,2,"11597,11617","11597,11617",,223
1397,11633,2,2,2,"11597,11617","11597,11617",,223
1398,11657,2,2,2,"11597,11617","11597,11617",,223
1399,11677,2,2,2,"11597,11617","11597,11617",,223
1400,11681,2,2,2,"11597,11617","11597,11617",,223
1401,11689,2,2,2,"11597,11617","11597,11617",,223
1402,11699,2,3,2,"11597,11617","11597,11617,11699",,223
1403,11701,3,3,2,"11597,11617,11699","11597,11699,11701",,223
1404,11717,3,3,3,"11597,11699,11701","11597,11699,11701",,223
1405,11719,3,4,3,"11597,11699,11701","11597,11699,11701,11719",223,223
1406,11731,0,1,0,,11731,,224
1407,11743,1,1,0,11731,11743,,224
1408,11777,1,2,1,11743,"11743,11777",,224
1409,11779,2,2,2,"11743,11777","11743,11777",,224
1410,11783,2,3,2,"11743,11777","11743,11777,11783",,224
1411,11789,3,3,2,"11743,11777,11783","11743,11783,11789",,224
1412,11801,3,3,3,"11743,11783,11789","11743,11783,11789",,224
1413,11807,3,3,2,"11743,11783,11789","11743,11789,11807",,224
1414,11813,3,3,2,"11743,11789,11807","11743,11807,11813",,224
1415,11821,3,4,3,"11743,11807,11813","11743,11807,11813,11821",224,224
1416,11827,0,1,0,,11827,,225
1417,11831,1,2,1,11827,"11827,11831",,225
1418,11833,2,3,2,"11827,11831","11827,11831,11833",,225
1419,11839,3,3,3,"11827,11831,11833","11827,11831,11833",,225
1420,11863,3,3,3,"11827,11831,11833","11827,11831,11833",,225
1421,11867,3,3,2,"11827,11831,11833","11827,11833,11867",,225
1422,11887,3,3,3,"11827,11833,11867","11827,11833,11867",,225
1423,11897,3,4,3,"11827,11833,11867","11827,11833,11867,11897",225,225
1424,11903,0,1,0,,11903,,226
1425,11909,1,2,1,11903,"11903,11909",,226
1426,11923,2,3,2,"11903,11909","11903,11909,11923",,226
1427,11927,3,3,3,"11903,11909,11923","11903,11909,11923",,226
1428,11933,3,3,2,"11903,11909,11923","11903,11923,11933",,226
1429,11939,3,3,3,"11903,11923,11933","11903,11923,11933",,226
1430,11941,3,4,3,"11903,11923,11933","11903,11923,11933,11941",226,226
1431,11953,0,1,0,,11953,,227
1432,11959,1,2,1,11953,"11953,11959",,227
1433,11969,2,3,2,"11953,11959","11953,11959,11969",,227
1434,11971,3,3,2,"11953,11959,11969","11953,11969,11971",,227
1435,11981,3,3,2,"11953,11969,11971","11953,11971,11981",,227
1436,11987,3,4,3,"11953,11971,11981","11953,11971,11981,11987",227,227
1437,12007,0,1,0,,12007,,228
1438,12011,1,2,1,12007,"12007,12011",,228
1439,12037,2,3,2,"12007,12011","12007,12011,12037",,228
1440,12041,3,4,3,"12007,12011,12037","12007,12011,12037,12041",228,228
1441,12043,0,1,0,,12043,,229
1442,12049,1,2,1,12043,"12043,12049",,229
1443,12071,2,3,2,"12043,12049","12043,12049,12071",,229
1444,12073,3,3,2,"12043,12049,12071","12043,12071,12073",,229
1445,12097,3,3,3,"12043,12071,12073","12043,12071,12073",,229
1446,12101,3,4,3,"12043,12071,12073","12043,12071,12073,12101",229,229
1447,12107,0,1,0,,12107,,230
1448,12109,1,2,1,12107,"12107,12109",,230
1449,12113,2,3,2,"12107,12109","12107,12109,12113",,230
1450,12119,3,3,3,"12107,12109,12113","12107,12109,12113",,230
1451,12143,3,3,3,"12107,12109,12113","12107,12109,12113",,230
1452,12149,3,3,3,"12107,12109,12113","12107,12109,12113",,230
1453,12157,3,3,2,"12107,12109,12113","12107,12113,12157",,230
1454,12161,3,3,2,"12107,12113,12157","12107,12157,12161",,230
1455,12163,3,4,3,"12107,12157,12161","12107,12157,12161,12163",230,230
1456,12197,0,1,0,,12197,,231
1457,12203,1,2,1,12197,"12197,12203",,231
1458,12211,2,3,2,"12197,12203","12197,12203,12211",,231
1459,12227,3,3,2,"12197,12203,12211","12197,12211,12227",,231
1460,12239,3,3,3,"12197,12211,12227","12197,12211,12227",,231
1461,12241,3,4,3,"12197,12211,12227","12197,12211,12227,12241",231,231
1462,12251,0,1,0,,12251,,232
1463,12253,1,2,1,12251,"12251,12253",,232
1464,12263,2,2,2,"12251,12253","12251,12253",,232
1465,12269,2,3,2,"12251,12253","12251,12253,12269",,232
1466,12277,3,3,2,"12251,12253,12269","12251,12269,12277",,232
1467,12281,3,3,2,"12251,12269,12277","12251,12277,12281",,232
1468,12289,3,3,2,"12251,12277,12281","12251,12281,12289",,232
1469,12301,3,3,3,"12251,12281,12289","12251,12281,12289",,232
1470,12323,3,3,3,"12251,12281,12289","12251,12281,12289",,232
1471,12329,3,3,2,"12251,12281,12289","12251,12289,12329",,232
1472,12343,3,4,3,"12251,12289,12329","12251,12289,12329,12343",232,232
1473,12347,0,1,0,,12347,,233
1474,12373,1,2,1,12347,"12347,12373",,233
1475,12377,2,3,2,"12347,12373","12347,12373,12377",,233
1476,12379,3,4,3,"12347,12373,12377","12347,12373,12377,12379",233,233
1477,12391,0,1,0,,12391,,234
1478,12401,1,2,1,12391,"12391,12401",,234
1479,12409,2,3,2,"12391,12401","12391,12401,12409",,234
1480,12413,3,3,2,"12391,12401,12409","12391,12409,12413",,234
1481,12421,3,3,2,"12391,12409,12413","12391,12413,12421",,234
1482,12433,3,3,3,"12391,12413,12421","12391,12413,12421",,234
1483,12437,3,3,2,"12391,12413,12421","12391,12421,12437",,234
1484,12451,3,3,3,"12391,12421,12437","12391,12421,12437",,234
1485,12457,3,3,2,"12391,12421,12437","12391,12437,12457",,234
1486,12473,3,3,2,"12391,12437,12457","12391,12457,12473",,234
1487,12479,3,4,3,"12391,12457,12473","12391,12457,12473,12479",234,234
1488,12487,0,1,0,,12487,,235
1489,12491,1,2,1,12487,"12487,12491",,235
1490,12497,2,3,2,"12487,12491","12487,12491,12497",,235
1491,12503,3,3,2,"12487,12491,12497","12487,12497,12503",,235
1492,12511,3,3,3,"12487,12497,12503","12487,12497,12503",,235
1493,12517,3,4,3,"12487,12497,12503","12487,12497,12503,12517",235,235
1494,12527,0,1,0,,12527,,236
1495,12539,1,1,0,12527,12539,,236
1496,12541,1,2,1,12539,"12539,12541",,236
1497,12547,2,3,2,"12539,12541","12539,12541,12547",,236
1498,12553,3,3,2,"12539,12541,12547","12539,12547,12553",,236
1499,12569,3,4,3,"12539,12547,12553","12539,12547,12553,12569",236,236
1500,12577,0,1,0,,12577,,237
1501,12583,1,2,1,12577,"12577,12583",,237
1502,12589,2,2,2,"12577,12583","12577,12583",,237
1503,12601,2,2,2,"12577,12583","12577,12583",,237
1504,12611,2,3,2,"12577,12583","12577,12583,12611",,237
1505,12613,3,3,3,"12577,12583,12611","12577,12583,12611",,237
1506,12619,3,3,2,"12577,12583,12611","12577,12611,12619",,237
1507,12637,3,3,3,"12577,12611,12619","12577,12611,12619",,237
1508,12641,3,4,3,"12577,12611,12619","12577,12611,12619,12641",237,237
1509,12647,0,1,0,,12647,,238
1510,12653,1,2,1,12647,"12647,12653",,238
1511,12659,2,2,2,"12647,12653","12647,12653",,238
1512,12671,2,2,2,"12647,12653","12647,12653",,238
1513,12689,2,2,2,"12647,12653","12647,12653",,238
1514,12697,2,3,2,"12647,12653","12647,12653,12697",,238
1515,12703,3,4,3,"12647,12653,12697","12647,12653,12697,12703",238,238
1516,12713,0,1,0,,12713,,239
1517,12721,1,2,1,12713,"12713,12721",,239
1518,12739,2,3,2,"12713,12721","12713,12721,12739",,239
1519,12743,3,4,3,"12713,12721,12739","12713,12721,12739,12743",239,239
1520,12757,0,1,0,,12757,,240
1521,12763,1,2,1,12757,"12757,12763",,240
1522,12781,2,2,2,"12757,12763","12757,12763",,240
1523,12791,2,3,2,"12757,12763","12757,12763,12791",,240
1524,12799,3,3,2,"12757,12763,12791","12757,12791,12799",,240
1525,12809,3,4,3,"12757,12791,12799","12757,12791,12799,12809",240,240
1526,12821,0,1,0,,12821,,241
1527,12823,1,2,1,12821,"12821,12823",,241
1528,12829,2,3,2,"12821,12823","12821,12823,12829",,241
1529,12841,3,3,3,"12821,12823,12829","12821,12823,12829",,241
1530,12853,3,3,3,"12821,12823,12829","12821,12823,12829",,241
1531,12889,3,3,3,"12821,12823,12829","12821,12823,12829",,241
1532,12893,3,3,3,"12821,12823,12829","12821,12823,12829",,241
1533,12899,3,4,3,"12821,12823,12829","12821,12823,12829,12899",241,241
1534,12907,0,1,0,,12907,,242
1535,12911,1,2,1,12907,"12907,12911",,242
1536,12917,2,3,2,"12907,12911","12907,12911,12917",,242
1537,12919,3,3,3,"12907,12911,12917","12907,12911,12917",,242
1538,12923,3,3,2,"12907,12911,12917","12907,12917,12923",,242
1539,12941,3,3,2,"12907,12917,12923","12907,12923,12941",,242
1540,12953,3,3,3,"12907,12923,12941","12907,12923,12941",,242
1541,12959,3,3,2,"12907,12923,12941","12907,12941,12959",,242
1542,12967,3,3,3,"12907,12941,12959","12907,12941,12959",,242
1543,12973,3,4,3,"12907,12941,12959","12907,12941,12959,12973",242,242
1544,12979,0,1,0,,12979,,243
1545,12983,1,2,1,12979,"12979,12983",,243
1546,13001,2,3,2,"12979,12983","12979,12983,13001",,243
1547,13003,3,3,3,"12979,12983,13001","12979,12983,13001",,243
1548,13007,3,3,2,"12979,12983,13001","12979,13001,13007",,243
1549,13009,3,4,3,"12979,13001,13007","12979,13001,13007,13009",243,243
1550,13033,0,1,0,,13033,,244
1551,13037,1,2,1,13033,"13033,13037",,244
1552,13043,2,3,2,"13033,13037","13033,13037,13043",,244
1553,13049,3,3,2,"13033,13037,13043","13033,13043,13049",,244
1554,13063,3,4,3,"13033,13043,13049","13033,13043,13049,13063",244,244
1555,13093,0,1,0,,13093,,245
1556,13099,1,2,1,13093,"13093,13099",,245
1557,13103,2,3,2,"13093,13099","13093,13099,13103",,245
1558,13109,3,4,3,"13093,13099,13103","13093,13099,13103,13109",245,245
1559,13121,0,1,0,,13121,,246
1560,13127,1,2,1,13121,"13121,13127",,246
1561,13147,2,3,2,"13121,13127","13121,13127,13147",,246
1562,13151,3,3,2,"13121,13127,13147","13121,13147,13151",,246
1563,13159,3,3,2,"13121,13147,13151","13121,13151,13159",,246
1564,13163,3,3,2,"13121,13151,13159","13121,13159,13163",,246
1565,13171,3,3,2,"13121,13159,13163","13121,13163,13171",,246
1566,13177,3,4,3,"13121,13163,13171","13121,13163,13171,13177",246,246
1567,13183,0,1,0,,13183,,247
1568,13187,1,2,1,13183,"13183,13187",,247
1569,13217,2,3,2,"13183,13187","13183,13187,13217",,247
1570,13219,3,3,3,"13183,13187,13217","13183,13187,13217",,247
1571,13229,3,3,3,"13183,13187,13217","13183,13187,13217",,247
1572,13241,3,3,3,"13183,13187,13217","13183,13187,13217",,247
1573,13249,3,4,3,"13183,13187,13217","13183,13187,13217,13249",247,247
1574,13259,0,1,0,,13259,,248
1575,13267,1,2,1,13259,"13259,13267",,248
1576,13291,2,2,2,"13259,13267","13259,13267",,248
1577,13297,2,3,2,"13259,13267","13259,13267,13297",,248
1578,13309,3,3,3,"13259,13267,13297","13259,13267,13297",,248
1579,13313,3,4,3,"13259,13267,13297","13259,13267,13297,13313",248,248
1580,13327,0,1,0,,13327,,249
1581,13331,1,2,1,13327,"13327,13331",,249
1582,13337,2,3,2,"13327,13331","13327,13331,13337",,249
1583,13339,3,3,3,"13327,13331,13337","13327,13331,13337",,249
1584,13367,3,3,2,"13327,13331,13337","13327,13337,13367",,249
1585,13381,3,4,3,"13327,13337,13367","13327,13337,13367,13381",249,249
1586,13397,0,1,0,,13397,,250
1587,13399,1,2,1,13397,"13397,13399",,250
1588,13411,2,2,2,"13397,13399","13397,13399",,250
1589,13417,2,3,2,"13397,13399","13397,13399,13417",,250
1590,13421,3,3,3,"13397,13399,13417","13397,13399,13417",,250
1591,13441,3,3,3,"13397,13399,13417","13397,13399,13417",,250
1592,13451,3,4,3,"13397,13399,13417","13397,13399,13417,13451",250,250
1593,13457,0,1,0,,13457,,251
1594,13463,1,2,1,13457,"13457,13463",,251
1595,13469,2,2,2,"13457,13463","13457,13463",,251
1596,13477,2,3,2,"13457,13463","13457,13463,13477",,251
1597,13487,3,3,2,"13457,13463,13477","13457,13477,13487",,251
1598,13499,3,3,3,"13457,13477,13487","13457,13477,13487",,251
1599,13513,3,3,2,"13457,13477,13487","13457,13487,13513",,251
1600,13523,3,3,2,"13457,13487,13513","13457,13513,13523",,251
1601,13537,3,3,2,"13457,13513,13523","13457,13523,13537",,251
1602,13553,3,3,3,"13457,13523,13537","13457,13523,13537",,251
1603,13567,3,4,3,"13457,13523,13537","13457,13523,13537,13567",251,251
1604,13577,0,1,0,,13577,,252
1605,13591,1,2,1,13577,"13577,13591",,252
1606,13597,2,3,2,"13577,13591","13577,13591,13597",,252
1607,13613,3,3,3,"13577,13591,13597","13577,13591,13597",,252
1608,13619,3,4,3,"13577,13591,13597","13577,13591,13597,13619",252,252
1609,13627,0,1,0,,13627,,253
1610,13633,1,2,1,13627,"13627,13633",,253
1611,13649,2,3,2,"13627,13633","13627,13633,13649",,253
1612,13669,3,3,2,"13627,13633,13649","13627,13649,13669",,253
1613,13679,3,4,3,"13627,13649,13669","13627,13649,13669,13679",253,253
1614,13681,0,1,0,,13681,,254
1615,13687,1,2,1,13681,"13681,13687",,254
1616,13691,2,3,2,"13681,13687","13681,13687,13691",,254
1617,13693,3,3,3,"13681,13687,13691","13681,13687,13691",,254
1618,13697,3,4,3,"13681,13687,13691","13681,13687,13691,13697",254,254
1619,13709,0,1,0,,13709,,255
1620,13711,1,2,1,13709,"13709,13711",,255
1621,13721,2,2,2,"13709,13711","13709,13711",,255
1622,13723,2,2,2,"13709,13711","13709,13711",,255
1623,13729,2,3,2,"13709,13711","13709,13711,13729",,255
1624,13751,3,4,3,"13709,13711,13729","13709,13711,13729,13751",255,255
1625,13757,0,1,0,,13757,,256
1626,13759,1,2,1,13757,"13757,13759",,256
1627,13763,2,3,2,"13757,13759","13757,13759,13763",,256
1628,13781,3,3,3,"13757,13759,13763","13757,13759,13763",,256
1629,13789,3,4,3,"13757,13759,13763","13757,13759,13763,13789",256,256
1630,13799,0,1,0,,13799,,257
1631,13807,1,2,1,13799,"13799,13807",,257
1632,13829,2,3,2,"13799,13807","13799,13807,13829",,257
1633,13831,3,3,2,"13799,13807,13829","13799,13829,13831",,257
1634,13841,3,3,2,"13799,13829,13831","13799,13831,13841",,257
1635,13859,3,3,3,"13799,13831,13841","13799,13831,13841",,257
1636,13873,3,4,3,"13799,13831,13841","13799,13831,13841,13873",257,257
1637,13877,0,1,0,,13877,,258
1638,13879,1,2,1,13877,"13877,13879",,258
1639,13883,2,3,2,"13877,13879","13877,13879,13883",,258
1640,13901,3,3,3,"13877,13879,13883","13877,13879,13883",,258
1641,13903,3,3,2,"13877,13879,13883","13877,13883,13903",,258
1642,13907,3,3,2,"13877,13883,13903","13877,13903,13907",,258
1643,13913,3,3,3,"13877,13903,13907","13877,13903,13907",,258
1644,13921,3,4,3,"13877,13903,13907","13877,13903,13907,13921",258,258
1645,13931,0,1,0,,13931,,259
1646,13933,1,2,1,13931,"13931,13933",,259
1647,13963,2,3,2,"13931,13933","13931,13933,13963",,259
1648,13967,3,3,3,"13931,13933,13963","13931,13933,13963",,259
1649,13997,3,4,3,"13931,13933,13963","13931,13933,13963,13997",259,259
1650,13999,0,1,0,,13999,,260
1651,14009,1,2,1,13999,"13999,14009",,260
1652,14011,2,2,2,"13999,14009","13999,14009",,260
1653,14029,2,3,2,"13999,14009","13999,14009,14029",,260
1654,14033,3,3,2,"13999,14009,14029","13999,14029,14033",,260
1655,14051,3,4,3,"13999,14029,14033","13999,14029,14033,14051",260,260
1656,14057,0,1,0,,14057,,261
1657,14071,1,2,1,14057,"14057,14071",,261
1658,14081,2,2,2,"14057,14071","14057,14071",,261
1659,14083,2,2,2,"14057,14071","14057,14071",,261
1660,14087,2,3,2,"14057,14071","14057,14071,14087",,261
1661,14107,3,3,2,"14057,14071,14087","14057,14087,14107",,261
1662,14143,3,3,3,"14057,14087,14107","14057,14087,14107",,261
1663,14149,3,4,3,"14057,14087,14107","14057,14087,14107,14149",261,261
1664,14153,0,1,0,,14153,,262
1665,14159,1,2,1,14153,"14153,14159",,262
1666,14173,2,3,2,"14153,14159","14153,14159,14173",,262
1667,14177,3,3,3,"14153,14159,14173","14153,14159,14173",,262
1668,14197,3,3,3,"14153,14159,14173","14153,14159,14173",,262
1669,14207,3,3,2,"14153,14159,14173","14153,14173,14207",,262
1670,14221,3,3,2,"14153,14173,14207","14153,14207,14221",,262
1671,14243,3,3,2,"14153,14207,14221","14153,14221,14243",,262
1672,14249,3,3,3,"14153,14221,14243","14153,14221,14243",,262
1673,14251,3,4,3,"14153,14221,14243","14153,14221,14243,14251",262,262
1674,14281,0,1,0,,14281,,263
1675,14293,1,1,0,14281,14293,,263
1676,14303,1,2,1,14293,"14293,14303",,263
1677,14321,2,3,2,"14293,14303","14293,14303,14321",,263
1678,14323,3,4,3,"14293,14303,14321","14293,14303,14321,14323",263,263
1679,14327,0,1,0,,14327,,264
1680,14341,1,2,1,14327,"14327,14341",,264
1681,14347,2,3,2,"14327,14341","14327,14341,14347",,264
1682,14369,3,4,3,"14327,14341,14347","14327,14341,14347,14369",264,264
1683,14387,0,1,0,,14387,,265
1684,14389,1,2,1,14387,"14387,14389",,265
1685,14401,2,2,2,"14387,14389","14387,14389",,265
1686,14407,2,3,2,"14387,14389","14387,14389,14407",,265
1687,14411,3,3,3,"14387,14389,14407","14387,14389,14407",,265
1688,14419,3,3,3,"14387,14389,14407","14387,14389,14407",,265
1689,14423,3,3,3,"14387,14389,14407","14387,14389,14407",,265
1690,14431,3,3,3,"14387,14389,14407","14387,14389,14407",,265
1691,14437,3,3,2,"14387,14389,14407","14387,14407,14437",,265
1692,14447,3,3,3,"14387,14407,14437","14387,14407,14437",,265
1693,14449,3,3,3,"14387,14407,14437","14387,14407,14437",,265
1694,14461,3,3,3,"14387,14407,14437","14387,14407,14437",,265
1695,14479,3,3,2,"14387,14407,14437","14387,14437,14479",,265
1696,14489,3,4,3,"14387,14437,14479","14387,14437,14479,14489",265,265
1697,14503,0,1,0,,14503,,266
1698,14519,1,2,1,14503,"14503,14519",,266
1699,14533,2,3,2,"14503,14519","14503,14519,14533",,266
1700,14537,3,4,3,"14503,14519,14533","14503,14519,14533,14537",266,266
1701,14543,0,1,0,,14543,,267
1702,14549,1,2,1,14543,"14543,14549",,267
1703,14551,2,3,2,"14543,14549","14543,14549,14551",,267
1704,14557,3,4,3,"14543,14549,14551","14543,14549,14551,14557",267,267
1705,14561,0,1,0,,14561,,268
1706,14563,1,2,1,14561,"14561,14563",,268
1707,14591,2,3,2,"14561,14563","14561,14563,14591",,268
1708,14593,3,4,3,"14561,14563,14591","14561,14563,14591,14593",268,268
1709,14621,0,1,0,,14621,,269
1710,14627,1,2,1,14621,"14621,14627",,269
1711,14629,2,3,2,"14621,14627","14621,14627,14629",,269
1712,14633,3,3,3,"14621,14627,14629","14621,14627,14629",,269
1713,14639,3,3,2,"14621,14627,14629","14621,14629,14639",,269
1714,14653,3,3,2,"14621,14629,14639","14621,14639,14653",,269
1715,14657,3,3,3,"14621,14639,14653","14621,14639,14653",,269
1716,14669,3,3,3,"14621,14639,14653","14621,14639,14653",,269
1717,14683,3,4,3,"14621,14639,14653","14621,14639,14653,14683",269,269
1718,14699,0,1,0,,14699,,270
1719,14713,1,2,1,14699,"14699,14713",,270
1720,14717,2,3,2,"14699,14713","14699,14713,14717",,270
1721,14723,3,3,3,"14699,14713,14717","14699,14713,14717",,270
1722,14731,3,4,3,"14699,14713,14717","14699,14713,14717,14731",270,270
1723,14737,0,1,0,,14737,,271
1724,14741,1,2,1,14737,"14737,14741",,271
1725,14747,2,3,2,"14737,14741","14737,14741,14747",,271
1726,14753,3,3,2,"14737,14741,14747","14737,14747,14753",,271
1727,14759,3,3,2,"14737,14747,14753","14737,14753,14759",,271
1728,14767,3,4,3,"14737,14753,14759","14737,14753,14759,14767",271,271
1729,14771,0,1,0,,14771,,272
1730,14779,1,2,1,14771,"14771,14779",,272
1731,14783,2,2,2,"14771,14779","14771,14779",,272
1732,14797,2,3,2,"14771,14779","14771,14779,14797",,272
1733,14813,3,4,3,"14771,14779,14797","14771,14779,14797,14813",272,272
1734,14821,0,1,0,,14821,,273
1735,14827,1,2,1,14821,"14821,14827",,273
1736,14831,2,3,2,"14821,14827","14821,14827,14831",,273
1737,14843,3,3,3,"14821,14827,14831","14821,14827,14831",,273
1738,14851,3,3,2,"14821,14827,14831","14821,14831,14851",,273
1739,14867,3,3,2,"14821,14831,14851","14821,14851,14867",,273
1740,14869,3,3,3,"14821,14851,14867","14821,14851,14867",,273
1741,14879,3,3,3,"14821,14851,14867","14821,14851,14867",,273
1742,14887,3,3,2,"14821,14851,14867","14821,14867,14887",,273
1743,14891,3,3,2,"14821,14867,14887","14821,14887,14891",,273
1744,14897,3,4,3,"14821,14887,14891","14821,14887,14891,14897",273,273
1745,14923,0,1,0,,14923,,274
1746,14929,1,2,1,14923,"14923,14929",,274
1747,14939,2,3,2,"14923,14929","14923,14929,14939",,274
1748,14947,3,3,3,"14923,14929,14939","14923,14929,14939",,274
1749,14951,3,3,3,"14923,14929,14939","14923,14929,14939",,274
1750,14957,3,4,3,"14923,14929,14939","14923,14929,14939,14957",274,274
1751,14969,0,1,0,,14969,,275
1752,14983,1,2,1,14969,"14969,14983",,275
1753,15013,2,3,2,"14969,14983","14969,14983,15013",,275
1754,15017,3,3,3,"14969,14983,15013","14969,14983,15013",,275
1755,15031,3,3,2,"14969,14983,15013","14969,15013,15031",,275
1756,15053,3,3,3,"14969,15013,15031","14969,15013,15031",,275
1757,15061,3,3,2,"14969,15013,15031","14969,15031,15061",,275
1758,15073,3,3,3,"14969,15031,15061","14969,15031,15061",,275
1759,15077,3,3,3,"14969,15031,15061","14969,15031,15061",,275
1760,15083,3,4,3,"14969,15031,15061","14969,15031,15061,15083",275,275
1761,15091,0,1,0,,15091,,276
1762,15101,1,2,1,15091,"15091,15101",,276
1763,15107,2,3,2,"15091,15101","15091,15101,15107",,276
1764,15121,3,4,3,"15091,15101,15107","15091,15101,15107,15121",276,276
1765,15131,0,1,0,,15131,,277
1766,15137,1,2,1,15131,"15131,15137",,277
1767,15139,2,3,2,"15131,15137","15131,15137,15139",,277
1768,15149,3,3,2,"15131,15137,15139","15131,15139,15149",,277
1769,15161,3,3,3,"15131,15139,15149","15131,15139,15149",,277
1770,15173,3,3,3,"15131,15139,15149","15131,15139,15149",,277
1771,15187,3,3,2,"15131,15139,15149","15131,15149,15187",,277
1772,15193,3,4,3,"15131,15149,15187","15131,15149,15187,15193",277,277
1773,15199,0,1,0,,15199,,278
1774,15217,1,2,1,15199,"15199,15217",,278
1775,15227,2,3,2,"15199,15217","15199,15217,15227",,278
1776,15233,3,4,3,"15199,15217,15227","15199,15217,15227,15233",278,278
1777,15241,0,1,0,,15241,,279
1778,15259,1,2,1,15241,"15241,15259",,279
1779,15263,2,3,2,"15241,15259","15241,15259,15263",,279
1780,15269,3,4,3,"15241,15259,15263","15241,15259,15263,15269",279,279
1781,15271,0,1,0,,15271,,280
1782,15277,1,2,1,15271,"15271,15277",,280
1783,15287,2,3,2,"15271,15277","15271,15277,15287",,280
1784,15289,3,3,2,"15271,15277,15287","15271,15287,15289",,280
1785,15299,3,3,2,"15271,15287,15289","15271,15289,15299",,280
1786,15307,3,3,3,"15271,15289,15299","15271,15289,15299",,280
1787,15313,3,3,2,"15271,15289,15299","15271,15299,15313",,280
1788,15319,3,3,3,"15271,15299,15313","15271,15299,15313",,280
1789,15329,3,4,3,"15271,15299,15313","15271,15299,15313,15329",280,280
1790,15331,0,1,0,,15331,,281
1791,15349,1,2,1,15331,"15331,15349",,281
1792,15359,2,3,2,"15331,15349","15331,15349,15359",,281
1793,15361,3,3,2,"15331,15349,15359","15331,15359,15361",,281
1794,15373,3,3,3,"15331,15359,15361","15331,15359,15361",,281
1795,15377,3,4,3,"15331,15359,15361","15331,15359,15361,15377",281,281
1796,15383,0,1,0,,15383,,282
1797,15391,1,2,1,15383,"15383,15391",,282
1798,15401,2,3,2,"15383,15391","15383,15391,15401",,282
1799,15413,3,3,3,"15383,15391,15401","15383,15391,15401",,282
1800,15427,3,3,2,"15383,15391,15401","15383,15401,15427",,282
1801,15439,3,3,3,"15383,15401,15427","15383,15401,15427",,282
1802,15443,3,3,3,"15383,15401,15427","15383,15401,15427",,282
1803,15451,3,3,3,"15383,15401,15427","15383,15401,15427",,282
1804,15461,3,3,2,"15383,15401,15427","15383,15427,15461",,282
1805,15467,3,3,3,"15383,15427,15461","15383,15427,15461",,282
1806,15473,3,3,3,"15383,15427,15461","15383,15427,15461",,282
1807,15493,3,4,3,"15383,15427,15461","15383,15427,15461,15493",282,282
1808,15497,0,1,0,,15497,,283
1809,15511,1,2,1,15497,"15497,15511",,283
1810,15527,2,3,2,"15497,15511","15497,15511,15527",,283
1811,15541,3,4,3,"15497,15511,15527","15497,15511,15527,15541",283,283
1812,15551,0,1,0,,15551,,284
1813,15559,1,2,1,15551,"15551,15559",,284
1814,15569,2,3,2,"15551,15559","15551,15559,15569",,284
1815,15581,3,3,3,"15551,15559,15569","15551,15559,15569",,284
1816,15583,3,3,2,"15551,15559,15569","15551,15569,15583",,284
1817,15601,3,4,3,"15551,15569,15583","15551,15569,15583,15601",284,284
1818,15607,0,1,0,,15607,,285
1819,15619,1,1,0,15607,15619,,285
1820,15629,1,2,1,15619,"15619,15629",,285
1821,15641,2,2,2,"15619,15629","15619,15629",,285
1822,15643,2,2,2,"15619,15629","15619,15629",,285
1823,15647,2,3,2,"15619,15629","15619,15629,15647",,285
1824,15649,3,4,3,"15619,15629,15647","15619,15629,15647,15649",285,285
1825,15661,0,1,0,,15661,,286
1826,15667,1,2,1,15661,"15661,15667",,286
1827,15671,2,3,2,"15661,15667","15661,15667,15671",,286
1828,15679,3,3,2,"15661,15667,15671","15661,15671,15679",,286
1829,15683,3,3,2,"15661,15671,15679","15661,15679,15683",,286
1830,15727,3,3,2,"15661,15679,15683","15661,15683,15727",,286
1831,15731,3,3,2,"15661,15683,15727","15661,15727,15731",,286
1832,15733,3,3,3,"15661,15727,15731","15661,15727,15731",,286
1833,15737,3,4,3,"15661,15727,15731","15661,15727,15731,15737",286,286
1834,15739,0,1,0,,15739,,287
1835,15749,1,2,1,15739,"15739,15749",,287
1836,15761,2,2,2,"15739,15749","15739,15749",,287
1837,15767,2,3,2,"15739,15749","15739,15749,15767",,287
1838,15773,3,3,2,"15739,15749,15767","15739,15767,15773",,287
1839,15787,3,3,3,"15739,15767,15773","15739,15767,15773",,287
1840,15791,3,3,2,"15739,15767,15773","15739,15773,15791",,287
1841,15797,3,3,2,"15739,15773,15791","15739,15791,15797",,287
1842,15803,3,3,2,"15739,15791,15797","15739,15797,15803",,287
1843,15809,3,3,2,"15739,15797,15803","15739,15803,15809",,287
1844,15817,3,4,3,"15739,15803,15809","15739,15803,15809,15817",287,287
1845,15823,0,1,0,,15823,,288
1846,15859,1,1,0,15823,15859,,288
1847,15877,1,2,1,15859,"15859,15877",,288
1848,15881,2,3,2,"15859,15877","15859,15877,15881",,288
1849,15887,3,4,3,"15859,15877,15881","15859,15877,15881,15887",288,288
1850,15889,0,1,0,,15889,,289
1851,15901,1,1,0,15889,15901,,289
1852,15907,1,2,1,15901,"15901,15907",,289
1853,15913,2,2,2,"15901,15907","15901,15907",,289
1854,15919,2,2,2,"15901,15907","15901,15907",,289
1855,15923,2,3,2,"15901,15907","15901,15907,15923",,289
1856,15937,3,3,3,"15901,15907,15923","15901,15907,15923",,289
1857,15959,3,3,3,"15901,15907,15923","15901,15907,15923",,289
1858,15971,3,3,3,"15901,15907,15923","15901,15907,15923",,289
1859,15973,3,3,3,"15901,15907,15923","15901,15907,15923",,289
1860,15991,3,3,2,"15901,15907,15923","15901,15923,15991",,289
1861,16001,3,4,3,"15901,15923,15991","15901,15923,15991,16001",289,289
1862,16007,0,1,0,,16007,,290
1863,16033,1,2,1,16007,"16007,16033",,290
1864,16057,2,2,2,"16007,16033","16007,16033",,290
1865,16061,2,3,2,"16007,16033","16007,16033,16061",,290
1866,16063,3,4,3,"16007,16033,16061","16007,16033,16061,16063",290,290
1867,16067,0,1,0,,16067,,291
1868,16069,1,2,1,16067,"16067,16069",,291
1869,16073,2,3,2,"16067,16069","16067,16069,16073",,291
1870,16087,3,4,3,"16067,16069,16073","16067,16069,16073,16087",291,291
1871,16091,0,1,0,,16091,,292
1872,16097,1,2,1,16091,"16091,16097",,292
1873,16103,2,2,2,"16091,16097","16091,16097",,292
1874,16111,2,3,2,"16091,16097","16091,16097,16111",,292
1875,16127,3,3,3,"16091,16097,16111","16091,16097,16111",,292
1876,16139,3,3,3,"16091,16097,16111","16091,16097,16111",,292
1877,16141,3,4,3,"16091,16097,16111","16091,16097,16111,16141",292,292
1878,16183,0,1,0,,16183,,293
1879,16187,1,2,1,16183,"16183,16187",,293
1880,16189,2,3,2,"16183,16187","16183,16187,16189",,293
1881,16193,3,4,3,"16183,16187,16189","16183,16187,16189,16193",293,293
1882,16217,0,1,0,,16217,,294
1883,16223,1,2,1,16217,"16217,16223",,294
1884,16229,2,2,2,"16217,16223","16217,16223",,294
1885,16231,2,3,2,"16217,16223","16217,16223,16231",,294
1886,16249,3,4,3,"16217,16223,16231","16217,16223,16231,16249",294,294
1887,16253,0,1,0,,16253,,295
1888,16267,1,2,1,16253,"16253,16267",,295
1889,16273,2,3,2,"16253,16267","16253,16267,16273",,295
1890,16301,3,3,3,"16253,16267,16273","16253,16267,16273",,295
1891,16319,3,4,3,"16253,16267,16273","16253,16267,16273,16319",295,295
1892,16333,0,1,0,,16333,,296
1893,16339,1,2,1,16333,"16333,16339",,296
1894,16349,2,3,2,"16333,16339","16333,16339,16349",,296
1895,16361,3,3,3,"16333,16339,16349","16333,16339,16349",,296
1896,16363,3,3,2,"16333,16339,16349","16333,16349,16363",,296
1897,16369,3,3,3,"16333,16349,16363","16333,16349,16363",,296
1898,16381,3,3,3,"16333,16349,16363","16333,16349,16363",,296
1899,16411,3,3,3,"16333,16349,16363","16333,16349,16363",,296
1900,16417,3,3,3,"16333,16349,16363","16333,16349,16363",,296
1901,16421,3,3,2,"16333,16349,16363","16333,16363,16421",,296
1902,16427,3,4,3,"16333,16363,16421","16333,16363,16421,16427",296,296
1903,16433,0,1,0,,16433,,297
1904,16447,1,2,1,16433,"16433,16447",,297
1905,16451,2,3,2,"16433,16447","16433,16447,16451",,297
1906,16453,3,4,3,"16433,16447,16451","16433,16447,16451,16453",297,297
1907,16477,0,1,0,,16477,,298
1908,16481,1,2,1,16477,"16477,16481",,298
1909,16487,2,3,2,"16477,16481","16477,16481,16487",,298
1910,16493,3,3,2,"16477,16481,16487","16477,16487,16493",,298
1911,16519,3,4,3,"16477,16487,16493","16477,16487,16493,16519",298,298
1912,16529,0,1,0,,16529,,299
1913,16547,1,2,1,16529,"16529,16547",,299
1914,16553,2,2,2,"16529,16547","16529,16547",,299
1915,16561,2,3,2,"16529,16547","16529,16547,16561",,299
1916,16567,3,4,3,"16529,16547,16561","16529,16547,16561,16567",299,299
1917,16573,0,1,0,,16573,,300
1918,16603,1,2,1,16573,"16573,16603",,300
1919,16607,2,3,2,"16573,16603","16573,16603,16607",,300
1920,16619,3,3,3,"16573,16603,16607","16573,16603,16607",,300
1921,16631,3,3,3,"16573,16603,16607","16573,16603,16607",,300
1922,16633,3,3,3,"16573,16603,16607","16573,16603,16607",,300
1923,16649,3,4,3,"16573,16603,16607","16573,16603,16607,16649",300,300
1924,16651,0,1,0,,16651,,301
1925,16657,1,2,1,16651,"16651,16657",,301
1926,16661,2,3,2,"16651,16657","16651,16657,16661",,301
1927,16673,3,3,3,"16651,16657,16661","16651,16657,16661",,301
1928,16691,3,4,3,"16651,16657,16661","16651,16657,16661,16691",301,301
1929,16693,0,1,0,,16693,,302
1930,16699,1,2,1,16693,"16693,16699",,302
1931,16703,2,3,2,"16693,16699","16693,16699,16703",,302
1932,16729,3,3,3,"16693,16699,16703","16693,16699,16703",,302
1933,16741,3,3,3,"16693,16699,16703","16693,16699,16703",,302
1934,16747,3,3,2,"16693,16699,16703","16693,16703,16747",,302
1935,16759,3,3,3,"16693,16703,16747","16693,16703,16747",,302
1936,16763,3,3,2,"16693,16703,16747","16693,16747,16763",,302
1937,16787,3,3,3,"16693,16747,16763","16693,16747,16763",,302
1938,16811,3,3,3,"16693,16747,16763","16693,16747,16763",,302
1939,16823,3,3,3,"16693,16747,16763","16693,16747,16763",,302
1940,16829,3,4,3,"16693,16747,16763","16693,16747,16763,16829",302,302
1941,16831,0,1,0,,16831,,303
1942,16843,1,1,0,16831,16843,,303
1943,16871,1,2,1,16843,"16843,16871",,303
1944,16879,2,2,2,"16843,16871","16843,16871",,303
1945,16883,2,2,2,"16843,16871","16843,16871",,303
1946,16889,2,3,2,"16843,16871","16843,16871,16889",,303
1947,16901,3,3,3,"16843,16871,16889","16843,16871,16889",,303
1948,16903,3,3,3,"16843,16871,16889","16843,16871,16889",,303
1949,16921,3,4,3,"16843,16871,16889","16843,16871,16889,16921",303,303
1950,16927,0,1,0,,16927,,304
1951,16931,1,2,1,16927,"16927,16931",,304
1952,16937,2,3,2,"16927,16931","16927,16931,16937",,304
1953,16943,3,3,2,"16927,16931,16937","16927,16937,16943",,304
1954,16963,3,3,3,"16927,16937,16943","16927,16937,16943",,304
1955,16979,3,3,3,"16927,16937,16943","16927,16937,16943",,304
1956,16981,3,4,3,"16927,16937,16943","16927,16937,16943,16981",304,304
1957,16987,0,1,0,,16987,,305
1958,16993,1,2,1,16987,"16987,16993",,305
1959,17011,2,2,2,"16987,16993","16987,16993",,305
1960,17021,2,3,2,"16987,16993","16987,16993,17021",,305
1961,17027,3,4,3,"16987,16993,17021","16987,16993,17021,17027",305,305
1962,17029,0,1,0,,17029,,306
1963,17033,1,2,1,17029,"17029,17033",,306
1964,17041,2,2,2,"17029,17033","17029,17033",,306
1965,17047,2,3,2,"17029,17033","17029,17033,17047",,306
1966,17053,3,3,3,"17029,17033,17047","17029,17033,17047",,306
1967,17077,3,3,3,"17029,17033,17047","17029,17033,17047",,306
1968,17093,3,3,2,"17029,17033,17047","17029,17047,17093",,306
1969,17099,3,4,3,"17029,17047,17093","17029,17047,17093,17099",306,306
1970,17107,0,1,0,,17107,,307
1971,17117,1,2,1,17107,"17107,17117",,307
1972,17123,2,3,2,"17107,17117","17107,17117,17123",,307
1973,17137,3,4,3,"17107,17117,17123","17107,17117,17123,17137",307,307
1974,17159,0,1,0,,17159,,308
1975,17167,1,2,1,17159,"17159,17167",,308
1976,17183,2,2,2,"17159,17167","17159,17167",,308
1977,17189,2,3,2,"17159,17167","17159,17167,17189",,308
1978,17191,3,3,2,"17159,17167,17189","17159,17189,17191",,308
1979,17203,3,3,3,"17159,17189,17191","17159,17189,17191",,308
1980,17207,3,3,3,"17159,17189,17191","17159,17189,17191",,308
1981,17209,3,4,3,"17159,17189,17191","17159,17189,17191,17209",308,308
1982,17231,0,1,0,,17231,,309
1983,17239,1,2,1,17231,"17231,17239",,309
1984,17257,2,3,2,"17231,17239","17231,17239,17257",,309
1985,17291,3,3,3,"17231,17239,17257","17231,17239,17257",,309
1986,17293,3,3,3,"17231,17239,17257","17231,17239,17257",,309
1987,17299,3,3,2,"17231,17239,17257","17231,17257,17299",,309
1988,17317,3,3,2,"17231,17257,17299","17231,17299,17317",,309
1989,17321,3,4,3,"17231,17299,17317","17231,17299,17317,17321",309,309
1990,17327,0,1,0,,17327,,310
1991,17333,1,2,1,17327,"17327,17333",,310
1992,17341,2,3,2,"17327,17333","17327,17333,17341",,310
1993,17351,3,3,3,"17327,17333,17341","17327,17333,17341",,310
1994,17359,3,4,3,"17327,17333,17341","17327,17333,17341,17359",310,310
1995,17377,0,1,0,,17377,,311
1996,17383,1,2,1,17377,"17377,17383",,311
1997,17387,2,3,2,"17377,17383","17377,17383,17387",,311
1998,17389,3,3,3,"17377,17383,17387","17377,17383,17387",,311
