index,base_p,log_p,abce_cumulative,ceab_cumulative,bias_b
1,5,1.6094379124341003,1,0,1
2,11,2.3978952727983707,1,1,0
3,101,4.61512051684126,2,1,1
4,191,5.25227342804663,2,2,0
5,821,6.710523109452428,3,2,1
6,1481,7.300472814267799,4,2,2
7,1871,7.534228326274089,4,3,1
8,2081,7.640603826393634,5,3,2
9,3251,8.086717920303906,5,4,1
10,3461,8.149312843635345,6,4,2
11,5651,8.639587799629844,6,5,1
12,9431,9.151757414543885,6,6,0
13,13001,9.472781556562168,7,6,1
14,15641,9.657650950674242,8,6,2
15,15731,9.663388566822505,8,7,1
16,16061,9.684149252062896,9,7,2
17,18041,9.800402224452803,10,7,3
18,18911,9.847499042327273,10,8,2
19,19421,9.874110233825451,11,8,3
20,21011,9.95280138908905,11,9,2
21,22271,10.01104066270085,11,10,1
22,25301,10.138599199626192,12,10,2
23,31721,10.364734201103053,13,10,3
24,34841,10.45855013319517,14,10,4
25,43781,10.68695521229612,15,10,5
26,51341,10.846244932225309,16,10,6
27,55331,10.921088609106748,16,11,5
28,62981,11.050588372585487,17,11,6
29,67211,11.115592203591607,17,12,5
30,69491,11.148952526764623,17,13,4
31,72221,11.18748614131548,18,13,5
32,77261,11.254944579444818,19,13,6
33,79691,11.285911934938985,19,14,5
34,81041,11.302710478431823,20,14,6
35,82721,11.32322877864404,21,14,7
36,88811,11.3942657951824,21,15,6
37,97841,11.491098991077424,22,15,7
38,99131,11.504197486739605,22,16,6
39,101111,11.523974202255111,22,17,5
40,109841,11.606789144551904,23,17,6
41,116531,11.665912611011652,23,18,5
42,119291,11.689321165173205,23,19,4
43,122201,11.713422508992204,24,19,5
44,135461,11.81643905499471,25,19,6
45,144161,11.878686009555064,26,19,7
46,157271,11.965725710956322,26,20,6
47,165701,12.017940238399461,27,20,7
48,166841,12.024796542059402,28,20,8
49,171161,12.050359913000248,29,20,9
50,187631,12.142232547105335,29,21,8
51,194861,12.180041762855726,30,21,9
52,195731,12.184496546562352,30,22,8
53,201491,12.213499994358957,30,23,7
54,201821,12.21513644491656,31,23,8
55,217361,12.289314844752141,32,23,9
56,225341,12.325370089446839,33,23,10
57,240041,12.388565021067109,34,23,11
58,243701,12.403697343010705,35,23,12
59,247601,12.419573858556635,36,23,13
60,247991,12.421147734166029,36,24,12
61,257861,12.460175959030682,37,24,13
62,260411,12.470016431127886,37,25,12
63,266681,12.493808466537475,38,25,13
64,268811,12.501763809412871,38,26,12
65,276041,12.528304684391358,39,26,13
66,284741,12.559335274137407,40,26,14
67,285281,12.561229938418922,41,26,15
68,294311,12.592392310349435,41,27,14
69,295871,12.597678827502255,41,28,13
70,299471,12.609772863802759,41,29,12
71,300491,12.613173082425693,41,30,11
72,301991,12.618152494588434,41,31,10
73,326141,12.69508508217847,42,31,11
74,334421,12.720155957263968,43,31,12
75,340931,12.739435389749875,43,32,11
76,346391,12.755323473808643,43,33,10
77,347981,12.759903159564953,44,33,11
78,354251,12.77776098041415,44,34,10
79,358901,12.790801863423264,45,34,11
80,361211,12.797217554103334,45,35,10
81,375251,12.835350414382232,45,36,9
82,388691,12.870539962468833,45,37,8
83,389561,12.872775743070505,46,37,9
84,392261,12.87968271354178,47,37,10
85,394811,12.886162448362033,47,38,9
86,397541,12.893053352411568,48,38,10
87,397751,12.893581460338922,48,39,9
88,402131,12.904533185163617,48,40,8
89,402761,12.906098612894679,49,40,9
90,412031,12.92885386821952,49,41,8
91,419051,12.945747909874282,49,42,7
92,420851,12.950034130780418,49,43,6
93,427241,12.965103535805705,50,43,7
94,442571,13.00035618253648,50,44,6
95,444341,13.004347564657461,51,44,7
96,452531,13.022611548062825,51,45,6
97,463451,13.046455941031718,51,46,5
98,465161,13.050138861202587,52,46,6
99,467471,13.055092593701248,52,47,5
100,470081,13.060660299262867,53,47,6
101,477011,13.075294830401228,53,48,5
102,490571,13.103325297767089,53,49,4
103,495611,13.113546623809617,53,50,3
104,500231,13.122825270715188,53,51,2
105,510611,13.14336332683988,53,52,1
106,518801,13.159275658947626,54,52,2
107,536441,13.192711862964515,55,52,3
108,536771,13.193326839335262,55,53,2
109,539501,13.198399917246727,56,53,3
110,549161,13.216146937972809,57,53,4
111,559211,13.234282140666778,57,54,3
112,563411,13.241764658550462,57,55,2
113,570041,13.253463567048469,58,55,3
114,572651,13.258031735091691,58,56,2
115,585911,13.280923179891545,58,57,1
116,594821,13.296015798930101,59,57,2
117,597671,13.30079571431117,59,58,1
118,607301,13.316779828516948,60,58,2
119,622241,13.341082756485223,61,58,3
120,626621,13.348097171142278,62,58,4
121,632081,13.35677282947358,63,58,5
122,632321,13.357152455578067,64,58,6
123,633461,13.358953714101622,65,58,7
124,633791,13.359474526075024,65,59,6
125,654161,13.39110877751269,66,59,7
126,657491,13.396186354727444,66,60,6
127,661091,13.401646779554824,66,61,5
128,663581,13.405406205182684,67,61,6
129,664661,13.407032415222737,68,61,7
130,666431,13.409691887360257,68,62,6
131,680291,13.43027592678805,68,63,5
132,681251,13.431686092848421,68,64,4
133,691721,13.446937974110472,69,64,5
134,705161,13.466181424516549,70,64,6
135,715151,13.480248988190116,70,65,5
136,734471,13.506905791175356,70,66,4
137,736361,13.509475766590974,71,66,5
138,739391,13.513582153379213,71,67,4
139,768191,13.551793679126275,71,68,3
140,773021,13.558061494082823,72,68,4
141,795791,13.587091867536799,72,69,3
142,803441,13.59665903271446,73,69,4
143,814061,13.609790580751861,74,69,5
144,822161,13.619691518606476,75,69,6
145,823721,13.621587159323306,76,69,7
146,829721,13.628844778685215,77,69,8
147,833711,13.633642098506217,77,70,7
148,837071,13.637664172636272,77,71,6
149,845981,13.64825217970732,78,71,7
150,854921,13.658764345989152,79,71,8
151,855731,13.659711353399818,79,72,7
152,857951,13.662302267282177,79,73,6
153,875261,13.682277406575698,80,73,7
154,876011,13.683133926917314,80,74,6
155,881471,13.689347381810377,80,75,5
156,889871,13.698831787382726,80,76,4
157,907391,13.718328727714498,80,77,3
158,930071,13.743016206301398,80,78,2
159,938051,13.751559597512445,80,79,1
160,946661,13.76069633553587,81,79,2
161,954971,13.76943625250965,81,80,1
162,958541,13.77316761572254,82,80,2
163,959471,13.774137369898096,82,81,1
164,976301,13.791526219488563,83,81,2
165,978071,13.793337543518923,83,82,1
166,983441,13.798812925179558,84,82,2
167,1002341,13.817848822092726,85,82,3
168,1003361,13.818865922427603,86,82,4
169,1006301,13.821791789660372,87,82,5
170,1006331,13.821821601369619,87,83,4
171,1008851,13.824322617469969,87,84,3
172,1015361,13.830754772248843,88,84,4
173,1022381,13.837644778708158,89,84,5
174,1022501,13.837762144893725,90,84,6
175,1023941,13.839169465734157,91,84,7
176,1027751,13.842883477758921,91,85,6
177,1043591,13.858178208213657,91,86,5
178,1063961,13.87750929407661,92,86,6
179,1065011,13.87849568571082,92,87,5
180,1068251,13.881533289616295,92,88,4
181,1068701,13.881954450228841,93,88,5
182,1091261,13.902844466268421,94,88,6
183,1093061,13.90449257529945,95,88,7
184,1093991,13.905343035239182,95,89,6
185,1100831,13.911575907101902,95,90,5
186,1117601,13.926694981699006,96,90,6
187,1117811,13.926882866527947,96,91,5
188,1118861,13.927821761526529,97,91,6
189,1120541,13.929322162361366,98,91,7
190,1121831,13.930472729833944,98,92,6
191,1122131,13.930740114042578,98,93,5
192,1126661,13.934768949192645,99,93,6
193,1137881,13.944678318780616,100,93,7
194,1146791,13.952478165035897,100,94,6
195,1155611,13.960139766393572,100,95,5
196,1156031,13.960503144463898,100,96,4
197,1157831,13.962058985186548,100,97,3
198,1163711,13.967124594659554,100,98,2
199,1167701,13.970547416447785,101,98,3
200,1168241,13.971009756702482,102,98,4
201,1170131,13.972626266318201,102,99,3
202,1172021,13.974240167047306,103,99,4
203,1172531,13.974675218185471,103,100,3
204,1173581,13.975570316177471,104,100,4
205,1182281,13.982956181350765,105,100,5
206,1210871,14.006850493326926,105,101,4
207,1228391,14.021215740918253,105,102,3
208,1230371,14.022826307884879,105,103,2
209,1233431,14.025310275000233,105,104,1
210,1246241,14.035642378567113,106,104,2
211,1246361,14.035738663493543,107,104,3
212,1257071,14.04429496966857,107,105,2
213,1272281,14.056321910434438,108,105,3
214,1285511,14.06666686263319,108,106,2
215,1298111,14.076420688768609,108,107,1
216,1322171,14.094785640499346,108,108,0
217,1322591,14.09510324942108,108,109,-1
218,1324571,14.09659919139157,108,110,-2
219,1329701,14.100464662893849,109,110,-1
220,1337261,14.10613405019627,110,110,0
221,1339901,14.108106288600773,111,110,1
222,1340321,14.108419695477844,112,110,2
223,1351241,14.116533987413836,113,110,3
224,1352201,14.117244193174013,114,110,4
225,1358801,14.122113251211776,115,110,5
226,1360781,14.12356935759124,116,110,6
227,1368461,14.12919730870092,117,110,7
228,1381271,14.138514647752535,117,111,6
229,1400801,14.152554773831309,118,111,7
230,1402361,14.15366780273299,119,111,8
231,1410971,14.159788677824306,119,112,7
232,1440581,14.180557062401375,120,112,8
233,1447001,14.185003696698386,121,112,9
234,1451831,14.188336076408326,121,113,8
235,1461401,14.194906122614373,122,113,9
236,1468631,14.19984123231561,122,114,8
237,1508621,14.226706546495688,123,114,9
238,1514321,14.23047771164229,124,114,10
239,1524071,14.236895602070055,124,115,9
240,1525961,14.238134933488158,125,115,10
241,1540961,14.247916805740592,126,115,11
242,1571741,14.267694480127433,127,115,12
243,1573541,14.268839051708937,128,115,13
244,1573931,14.269086869641548,128,116,12
245,1577291,14.271219376506075,128,117,11
246,1584431,14.275735910304713,128,118,10
247,1588751,14.278458730911252,128,119,9
248,1592861,14.28104232833682,129,119,10
249,1603331,14.28759389811132,129,120,9
250,1615841,14.295366122133348,130,120,10
251,1616801,14.295960063577047,131,120,11
252,1621721,14.298998488997738,132,120,12
253,1627601,14.302617709511056,133,120,13
254,1631051,14.304735150274306,133,121,12
255,1653101,14.318163475965003,134,121,13
256,1659101,14.321786447367689,135,121,14
257,1670561,14.328670056125425,136,121,15
258,1678751,14.333560622500718,136,122,14
259,1681871,14.335417422162449,136,123,13
260,1685441,14.337537808593865,137,123,14
261,1691861,14.341339664473466,138,123,15
262,1711811,14.353062432393344,138,124,14
263,1718861,14.357172420129885,139,124,15
264,1727771,14.362342696416022,139,125,14
265,1747721,14.373823211474447,140,125,15
266,1748471,14.374252249703186,140,126,14
267,1749491,14.374835446449698,140,127,13
268,1755821,14.378447111762672,141,127,14
269,1764221,14.38321979114827,142,127,15
270,1780481,14.392394110483245,143,127,16
271,1791731,14.398692749641995,143,128,15
272,1797371,14.40183559965987,143,129,14
273,1798631,14.40253637794173,143,130,13
274,1802651,14.40476891717066,143,131,12
275,1819841,14.414259692599279,144,131,13
276,1830341,14.420012846256501,145,131,14
277,1833521,14.421748719932154,146,131,15
278,1834031,14.422026834600079,146,132,14
279,1837391,14.423857188581753,146,133,13
280,1857671,14.434834110556242,146,134,12
281,1890521,14.45236301042387,147,134,13
282,1902611,14.458737711299854,147,135,12
283,1904471,14.459714837691138,147,136,11
284,1910261,14.46275043990182,148,136,12
285,1912061,14.46369227585026,149,136,13
286,1912451,14.463896223439574,149,137,12
287,1915931,14.465714224338381,149,138,11
288,1917731,14.466653274328845,149,139,10
289,1925381,14.470634428197954,150,139,11
290,1943651,14.480078721136694,150,140,10
291,1954151,14.485466385978857,150,141,9
292,1954361,14.485573843753171,151,141,10
293,1959311,14.488103438793086,151,142,9
294,1979141,14.49817347015178,152,142,10
295,1979891,14.498552350650332,152,143,9
296,2002331,14.509822559856367,152,144,8
297,2007611,14.512456015927024,152,145,7
298,2007911,14.512605436102314,152,146,6
299,2016401,14.516824797123837,153,146,7
300,2020721,14.518964936385851,154,146,8
301,2050331,14.533511801495411,154,147,7
302,2062001,14.539187428524977,155,147,8
303,2063771,14.540045449815823,155,148,7
304,2065571,14.5409172594717,155,149,6
305,2075831,14.545872113403163,155,150,5
306,2079191,14.54748943371213,155,151,4
307,2083511,14.549565009408342,155,152,3
308,2084441,14.550011271752743,156,152,4
309,2087381,14.55142072809422,157,152,5
310,2107661,14.561089359771842,158,152,6
311,2116571,14.565307884328963,158,153,5
312,2136131,14.574506806769655,158,154,4
313,2141801,14.577157621845805,159,154,5
314,2143481,14.577941700973419,160,154,6
315,2144501,14.578417449248127,161,154,7
316,2157731,14.584567764574476,161,155,6
317,2159231,14.58526269775219,161,156,5
318,2168651,14.5896158732204,161,157,4
319,2176631,14.593288826539075,161,158,3
320,2177501,14.59368844695094,162,158,4
321,2193881,14.601182679513153,163,158,5
322,2202791,14.60523575065302,163,159,4
323,2203961,14.605766753998564,164,159,5
324,2223671,14.614669991754967,164,160,4
325,2225051,14.615290394668103,164,161,3
326,2246141,14.624724190582537,165,161,4
327,2248241,14.625658690655216,166,161,5
328,2256341,14.629255032659971,167,161,6
329,2262971,14.632189109686015,167,162,5
330,2266631,14.633805146060308,167,163,4
331,2289641,14.643905594681996,168,163,5
332,2290031,14.6440759125567,168,164,4
333,2294051,14.645829808333657,168,165,3
334,2303591,14.649979767678737,168,166,2
335,2340251,14.665768746538674,168,167,1
336,2342771,14.666844974770461,168,168,0
337,2362271,14.67513400243497,168,169,-1
338,2373401,14.679834505549566,169,169,0
339,2376161,14.680996718111764,170,169,1
340,2381081,14.68306514420997,171,169,2
341,2403881,14.692595072580081,172,169,3
342,2413421,14.696555801000867,173,169,4
343,2418671,14.698728773728122,173,170,3
344,2423411,14.700686609846587,173,171,2
345,2443781,14.709056988057348,174,171,3
346,2458661,14.715127450775567,175,171,4
347,2470331,14.719862707723044,175,172,3
348,2478521,14.723172569273524,176,172,4
349,2479661,14.723632415249364,177,172,5
350,2499941,14.731777689559944,178,172,6
351,2508041,14.735012528288726,179,172,7
352,2535101,14.745744036422813,180,172,8
353,2541941,14.748438520391367,181,172,9
354,2546231,14.750124784541459,181,173,8
355,2552111,14.75243141779873,181,174,7
356,2552651,14.752642984959751,181,175,6
357,2561261,14.756010273303964,182,175,7
358,2564321,14.757204284194257,183,175,8
359,2576591,14.761977765358223,183,176,7
360,2594951,14.769078191937568,183,177,6
361,2594981,14.769089752782682,184,177,7
362,2596661,14.76973694689146,185,177,8
363,2604731,14.772839964881765,185,178,7
364,2614061,14.77641550877773,186,178,8
365,2635481,14.784576265993207,187,178,9
366,2668241,14.79693001177324,188,178,10
367,2673521,14.798906888211965,189,178,11
368,2674541,14.799288334804157,190,178,12
369,2679491,14.801137409075798,190,179,11
370,2683781,14.802737179109814,191,179,12
371,2696921,14.807621309887145,192,179,13
372,2704901,14.81057587070202,193,179,14
373,2712371,14.813333718096267,193,180,13
374,2715281,14.814406005073703,194,180,14
375,2728541,14.819277592066902,195,180,15
376,2731691,14.820431389322936,195,181,14
377,2731901,14.820508261827362,196,181,15
378,2759291,14.830484320635,196,182,14
379,2761721,14.831364594090996,197,182,15
380,2764121,14.832233240046094,198,182,16
381,2790251,14.841642113908723,198,183,15
382,2805161,14.846971492796216,199,183,16
383,2822711,14.853208328633444,199,184,15
384,2839931,14.859290314067593,199,185,14
385,2840261,14.859406507323163,200,185,15
386,2846861,14.86172754174548,201,185,16
387,2849681,14.862717616155662,202,185,17
388,2875331,14.87167835602137,202,186,16
389,2879291,14.873054641249166,202,187,15
390,2893481,14.877970833532446,203,187,16
391,2918561,14.886601244555406,204,187,17
392,2927591,14.889690458514021,204,188,16
393,2927801,14.889762187272774,205,188,17
394,2952791,14.898261382738797,205,189,16
395,2954681,14.898901250372358,206,189,17
396,2989031,14.910459812573952,206,190,16
397,2990831,14.91106183317388,206,191,15
398,3047411,14.92980293564532,206,192,14
399,3058871,14.933556451599832,206,193,13
400,3062201,14.93464449641568,207,193,14
401,3063491,14.935065673327308,207,194,13
402,3066821,14.936152078171801,208,194,14
403,3076391,14.939267714663423,208,195,13
404,3089321,14.943461883626991,209,195,14
405,3092561,14.944510108195713,210,195,15
406,3101471,14.94738707303723,210,196,14
407,3103271,14.947967274454307,210,197,13
408,3129611,14.956419273642634,210,198,12
409,3153581,14.964049190501965,211,198,13
410,3157571,14.965313619098074,211,199,12
411,3171731,14.969788053601045,211,200,11
412,3187601,14.974779154221329,212,200,12
413,3200201,14.978724178297332,213,200,13
414,3207431,14.98098086315948,213,201,12
415,3208811,14.981411021504904,213,202,11
416,3215741,14.98356837121202,214,202,12
417,3224861,14.98640040650795,215,202,13
418,3243341,14.992114529314511,216,202,14
419,3277691,15.0026497690471,216,203,13
420,3295541,15.008080900605227,217,203,14
421,3308951,15.012141778694984,217,204,13
422,3326621,15.017467632070405,218,204,14
423,3328901,15.0181527774547,219,204,15
424,3340871,15.02174210939921,219,205,14
425,3366821,15.029479533676843,220,205,15
426,3371441,15.030850807374408,221,205,16
427,3374471,15.031749129262913,221,206,15
428,3378041,15.03280651363561,222,206,16
429,3400211,15.039348046484351,222,207,15
430,3416051,15.043995763521538,222,208,14
431,3436241,15.049888699323931,223,208,15
432,3437711,15.05031640089136,223,209,14
433,3467531,15.058953371289777,223,210,13
434,3479891,15.062511529421037,223,211,12
435,3512051,15.071710755271797,223,212,11
436,3512231,15.071762006061569,223,213,10
437,3512981,15.07197552275056,224,213,11
438,3513071,15.072001141689903,224,214,10
439,3514541,15.072419491485379,225,214,11
440,3518321,15.073494445142648,226,214,12
441,3550691,15.08265279039748,226,215,11
442,3584921,15.092246995510852,227,215,12
443,3586901,15.092799156468084,228,215,13
444,3593501,15.094637494170824,229,215,14
445,3621461,15.102388093541169,230,215,15
446,3652931,15.111040417014303,230,216,14
447,3669761,15.11563709529438,231,216,15
448,3690521,15.121278198461924,232,216,16
449,3713441,15.12746949798897,233,216,17
450,3727721,15.131307612931243,234,216,18
451,3735161,15.133301481376387,235,216,19
452,3741161,15.134906549025459,236,216,20
453,3798071,15.150003864229136,236,217,19
454,3817811,15.155187779685292,236,218,18
455,3837131,15.16023550990248,236,219,17
456,3837851,15.160423132492895,236,220,16
457,3849821,15.163537211676617,237,220,17
458,3854111,15.164650928787161,237,221,16
459,3894041,15.174957993877856,238,221,17
460,3919211,15.181400915997807,238,222,16
461,3919241,15.181408570570419,239,222,17
462,3951551,15.189618718035085,239,223,16
463,3974351,15.195372022300248,239,224,15
464,3974681,15.195455051277913,240,224,16
465,3975701,15.195711642723605,241,224,17
466,3995441,15.200664519075188,242,224,18
467,3996521,15.200934790632179,243,224,19
468,4015931,15.205779758931202,243,225,18
469,4016561,15.20593662183285,244,225,19
470,4032401,15.209872538153164,245,225,20
471,4039661,15.211671335525528,246,225,21
472,4042601,15.212398854660561,247,225,22
473,4058471,15.216316859660733,247,226,21
474,4059191,15.216494250639045,247,227,20
475,4092701,15.224715701254716,248,227,21
476,4098461,15.226122095353482,249,227,22
477,4110341,15.229016551400562,250,227,23
478,4138241,15.23578137628769,251,227,24
479,4144961,15.23740393758085,252,227,25
480,4155911,15.24004221615001,252,228,24
481,4157891,15.240518532530274,252,229,23
482,4174601,15.244529342837822,253,229,24
483,4185911,15.247234920414709,253,230,23
484,4208621,15.252645598557036,254,230,24
485,4218281,15.254938257052723,255,230,25
486,4224371,15.256380931950673,255,231,24
487,4234421,15.25875715889393,256,231,25
488,4257521,15.264197623978923,257,231,26
489,4262171,15.26528921284428,257,232,25
490,4265081,15.265971730521244,258,232,26
491,4265711,15.26611943075849,258,233,25
492,4285661,15.270785357160488,259,233,26
493,4300181,15.27416767280116,260,233,27
494,4316771,15.278018227033794,260,234,26
495,4326401,15.280246576529754,261,234,27
496,4332611,15.281680920555303,261,235,26
497,4336091,15.282483808966264,261,236,25
498,4353311,15.286447262962836,261,237,24
499,4361471,15.288319943744689,261,238,23
500,4370081,15.2902921023691,262,238,24
501,4377671,15.292027405771536,262,239,23
502,4396781,15.296383240236176,263,239,24
503,4404551,15.298148882531814,263,240,23
504,4405691,15.298407672246412,263,241,22
505,4413581,15.300196936055254,264,241,23
506,4415441,15.300618273781565,265,241,24
507,4453481,15.309196595537562,266,241,25
508,4467011,15.312230062834022,266,242,24
509,4487801,15.316873384738145,267,242,25
510,4510481,15.321914357676654,268,242,26
511,4529381,15.326095843530883,269,242,27
512,4540091,15.328457613869515,269,243,26
513,4543241,15.32915119198078,270,243,27
514,4544201,15.329362472559753,271,243,28
515,4561631,15.333190792978554,271,244,27
516,4575281,15.336178675570608,272,244,28
517,4579871,15.337181389754836,272,245,27
518,4596071,15.3407123660473,272,246,26
519,4606571,15.342994320415709,272,247,25
520,4609301,15.343586776578263,273,247,26
521,4615601,15.344952644959182,274,247,27
522,4627871,15.34760749309564,274,248,26
523,4635971,15.349356228029635,274,249,25
524,4647281,15.351792875358795,275,249,26
525,4660541,15.354642093783994,276,249,27
526,4675241,15.357791270178366,277,249,28
527,4693691,15.361729824508789,277,250,27
528,4706411,15.364436179772555,277,251,26
529,4707971,15.36476758761521,277,252,25
530,4734671,15.370422799611733,277,253,24
531,4740641,15.371682916595738,278,253,25
532,4743701,15.372328190691965,279,253,26
533,4796081,15.383309684061151,280,253,27
534,4809941,15.386195375894449,281,253,28
535,4832411,15.390856072926585,281,254,27
536,4833131,15.391005055777487,281,255,26
537,4852451,15.394994496086632,281,256,25
538,4868651,15.398327454633229,281,257,24
539,4875251,15.399682148268152,281,258,23
540,4900451,15.404837799661685,281,259,22
541,4950131,15.414924598841155,281,260,21
542,4956821,15.416275165799973,282,260,22
543,4959041,15.41672293323302,283,260,23
544,4972061,15.419345000242226,284,260,24
545,4977431,15.420424452443692,284,261,23
546,4997381,15.424424533167231,285,261,24
547,5025071,15.429950141162829,285,262,23
548,5037911,15.432502069998279,285,263,22
549,5047121,15.43432853967341,286,263,23
550,5073371,15.439516046143668,286,264,22
551,5074871,15.439811663849852,286,265,21
552,5146481,15.453823738112538,287,265,22
553,5154761,15.455431311603805,288,265,23
554,5158031,15.456065475486794,288,266,22
555,5168921,15.458174520640993,289,266,23
556,5184791,15.461240090250902,289,267,22
557,5201291,15.464417421968719,289,268,21
558,5205461,15.46521882479319,290,268,22
559,5229401,15.46980729793311,291,268,23
560,5234681,15.470816464422459,292,268,24
561,5239181,15.471675746371542,293,268,25
562,5248091,15.473374949394751,293,269,24
563,5251781,15.474077815134812,294,269,25
564,5253761,15.474454759041837,295,269,26
565,5261741,15.475972518542408,296,269,27
566,5274161,15.47833017254357,297,269,28
567,5274671,15.47842686571309,297,270,27
568,5278571,15.47916597511237,297,271,26
569,5318891,15.486775380940687,297,272,25
570,5327891,15.488466033035138,297,273,24
571,5381861,15.498544783105295,298,273,25
572,5382101,15.4985893763508,299,273,26
573,5417381,15.50512304629999,300,273,27
574,5425751,15.506666880989533,300,274,26
575,5436281,15.508605745338063,301,274,27
576,5450111,15.5111465334045,301,275,26
577,5461991,15.513323933266353,301,276,25
578,5465351,15.513938904428763,301,277,24
579,5484131,15.517369207052267,301,278,23
580,5499071,15.520089726845043,301,279,22
581,5527001,15.525155911745363,302,279,23
582,5610461,15.540143448810781,303,279,24
583,5614151,15.540800932585352,303,280,23
584,5651741,15.547474197249674,304,280,24
585,5675141,15.551605966838066,305,280,25
586,5698571,15.555725999619455,305,281,24
587,5732141,15.56159966637155,306,281,25
588,5733521,15.561840385138012,307,281,26
589,5734691,15.562044427407908,307,282,25
590,5760101,15.566465567240565,308,282,26
591,5774141,15.568900058719814,309,282,27
592,5805251,15.574273410766793,309,283,26
593,5839571,15.580167893202063,309,284,25
594,5841461,15.580491494749682,310,284,26
595,5851421,15.582195095694063,311,284,27
596,5860241,15.583701286987397,312,284,28
597,5892701,15.589225024368902,313,284,29
598,5908451,15.591894256889812,313,285,28
599,5922221,15.594222105420846,314,285,29
600,5928821,15.595335931645128,315,285,30
601,5930921,15.59569007088727,316,285,31
602,5937851,15.596857841367237,316,286,30
603,5938781,15.597014451423338,317,286,31
604,5969651,15.60219902469852,317,287,30
605,5977331,15.603484705225686,317,288,29
606,5986031,15.60493914613179,317,289,28
607,6005891,15.608251378842578,317,290,27
608,6013151,15.609459461963175,317,291,26
609,6016091,15.609948270827198,317,292,25
610,6023651,15.611204111856615,317,293,24
611,6024041,15.611268854547603,318,293,25
612,6054281,15.616276183079627,319,293,26
613,6056201,15.61659326377321,320,293,27
614,6066581,15.618305742400093,321,293,28
615,6102911,15.624276428428328,321,294,27
616,6106481,15.624861224149809,322,294,28
617,6130541,15.62879355850433,323,294,29
618,6136211,15.629718008660948,323,295,28
619,6144371,15.631046936101182,323,296,27
620,6153311,15.632500868895162,323,297,26
621,6156971,15.633095493796175,323,298,25
622,6177881,15.636485890378097,324,298,26
623,6187451,15.638033766635807,324,299,25
624,6193301,15.638978782000844,325,299,26
625,6201491,15.640300304974676,325,300,25
626,6213791,15.642281734639218,325,301,24
627,6250421,15.648159379444001,326,301,25
628,6261371,15.649909728681848,326,302,24
629,6287921,15.654141049399025,327,302,25
630,6297581,15.655676149373107,328,302,26
631,6299141,15.655923832859013,329,302,27
632,6324551,15.659949601915788,329,303,26
633,6329501,15.66073196004937,330,303,27
634,6332861,15.661262666734089,331,303,28
635,6334871,15.661580008467695,331,304,27
636,6359231,15.665418016056181,331,305,26
637,6378131,15.66838566569524,331,306,25
638,6402161,15.672146147586858,332,306,26
639,6404771,15.672553739356086,332,307,25
640,6406571,15.6728347403647,332,308,24
641,6419291,15.674818233430553,332,309,23
642,6438191,15.677758157999449,332,310,22
643,6464201,15.681789973996649,333,310,23
644,6471131,15.682861458000772,333,311,22
645,6474821,15.683431520380106,334,311,23
646,6484061,15.68485756956643,335,311,24
647,6495941,15.68668807827009,336,311,25
648,6498221,15.6870390050976,337,311,26
649,6501791,15.687588235373653,337,312,25
650,6503591,15.687865043853634,337,313,24
651,6509681,15.688801011448039,338,313,25
652,6510191,15.688879353232085,338,314,24
653,6512081,15.689169625162094,339,314,25
654,6528671,15.691713958333953,339,315,24
655,6556601,15.695982886395328,340,315,25
656,6561011,15.696655264899302,340,316,24
657,6578651,15.699340267085443,340,317,23
658,6582461,15.699919245534442,341,317,24
659,6595571,15.701908921128643,341,318,23
660,6600491,15.702654598168955,341,319,22
661,6601781,15.702850019078948,342,319,23
662,6602201,15.702913636251425,343,319,24
663,6613331,15.704598018330248,343,320,23
664,6616781,15.70511955587705,344,320,24
665,6621281,15.705799413725327,345,320,25
666,6631901,15.707402048062207,346,320,26
667,6641351,15.708825964612075,346,321,25
668,6655541,15.71096029876877,347,321,26
669,6655631,15.710973821244476,347,322,25
670,6692261,15.716462342121487,348,322,26
671,6699611,15.717560022974173,348,323,25
672,6700691,15.717721213371574,348,324,24
673,6708851,15.71893825732538,348,325,23
674,6715271,15.719894744533923,348,326,22
675,6715991,15.720001957095288,348,327,21
676,6727541,15.721720255953331,349,327,22
677,6735011,15.722830001084361,349,328,21
678,6740471,15.723640361752542,349,329,20
679,6753821,15.725618976763297,350,329,21
680,6758951,15.726378258463077,350,330,20
681,6760001,15.72653359594813,351,330,21
682,6787631,15.730612543222243,351,331,20
683,6796631,15.731937606198333,351,332,19
684,6843371,15.73879100445214,351,333,18
685,6880871,15.744255800733779,351,334,17
686,6884741,15.74481807142715,352,334,18
687,6900911,15.747163989837935,352,335,17
688,6915191,15.749231143813061,352,336,16
689,6918011,15.749638858532917,352,337,15
690,6918341,15.749686558967259,353,337,16
691,6925151,15.7506704148541,353,338,15
692,6937961,15.752518485279545,354,338,16
693,6942491,15.753171201799269,354,339,15
694,6945551,15.753611868676504,354,340,14
695,6949331,15.754155953914974,354,341,13
696,7014611,15.763505817379578,354,342,12
697,7016741,15.763809423192669,355,342,13
698,7025651,15.76507843792972,355,343,12
699,7027451,15.765334609130901,355,344,11
700,7039841,15.767096142651903,356,344,12
701,7045691,15.76792678225236,356,345,11
702,7051391,15.768735460290927,356,346,10
703,7079711,15.772743645627736,356,347,9
704,7081181,15.772951259668615,357,347,10
705,7097801,15.775295575729062,358,347,11
706,7130861,15.779942542463148,359,347,12
707,7151141,15.78278248235817,360,347,13
708,7159511,15.783952240515159,360,348,12
709,7161851,15.78427902507948,360,349,11
710,7166141,15.784877852902415,361,349,12
711,7177061,15.786400525749087,362,349,13
712,7187771,15.787891667724779,362,350,12
713,7201631,15.789818086110518,362,351,11
714,7235951,15.794572353777324,362,352,10
715,7267451,15.798916169046377,362,353,9
716,7273991,15.79981566724483,362,354,8
717,7286681,15.801558719105751,363,354,9
718,7305371,15.804120389009416,363,355,8
719,7316291,15.805614063535645,363,356,7
720,7328771,15.807318392683712,363,357,6
721,7335941,15.808296250356108,364,357,7
722,7340231,15.80888087148513,364,358,6
723,7348631,15.81002459533735,364,359,5
724,7356071,15.811036516644544,364,360,4
725,7367021,15.812523976210636,365,360,5
726,7369331,15.812837486639665,365,361,4
727,7371641,15.81315089881071,366,361,5
728,7417511,15.819354114125455,366,362,4
729,7422221,15.819988896499982,367,362,5
730,7433051,15.82144696497812,367,363,4
731,7448471,15.823519334392849,367,364,3
732,7464551,15.825675839792183,367,365,2
733,7465481,15.825800420905097,368,365,3
734,7475381,15.827125645841768,369,365,4
735,7477991,15.827474730988117,369,366,3
736,7483781,15.828248703521455,370,366,4
737,7499201,15.830307039498127,371,366,5
738,7527251,15.834040460079521,371,367,4
739,7534061,15.834944763829963,372,367,5
740,7534601,15.83501643575415,373,367,6
741,7537331,15.83537869853902,373,368,5
742,7540451,15.83579255251894,373,369,4
743,7541921,15.835987482070427,374,369,5
744,7545911,15.836516385108718,374,370,4
745,7580381,15.841074020207612,375,370,5
746,7583501,15.841485524338813,376,370,6
747,7599041,15.843532613084136,377,370,7
748,7610921,15.845094747482086,378,370,8
749,7641371,15.84908759530521,378,371,7
750,7645661,15.849648855347398,379,371,8
751,7659011,15.851393421109528,379,372,7
752,7669811,15.852802531579599,379,373,6
753,7681361,15.854307302965056,380,373,7
754,7701761,15.856959561974458,381,373,8
755,7703231,15.857150409201703,381,374,7
756,7734821,15.861242900157215,382,374,8
757,7754891,15.8638342990459,382,375,7
758,7774301,15.86633410845103,383,375,8
759,7802231,15.86992027640331,383,376,7
760,7806431,15.87045843913646,383,377,6
761,7813361,15.871345774954339,384,377,7
762,7814291,15.871464794753486,384,378,6
763,7846541,15.875583355706931,385,378,7
764,7861031,15.877428326286754,385,379,6
765,7879841,15.879818283965516,386,379,7
766,7882871,15.880202735579847,386,380,6
767,7913231,15.88404672663333,386,381,5
768,7934651,15.886749928618746,386,382,4
769,7945031,15.888057259770388,386,383,3
770,7960151,15.889958527489886,386,384,2
771,7961951,15.890184628290857,386,385,1
772,7989461,15.89363385614282,387,385,2
773,8023661,15.89790535947619,388,385,3
774,8059061,15.90230760645532,389,385,4
775,8062001,15.90267234669794,390,385,5
776,8070911,15.903776921111525,390,386,4
777,8101781,15.907594472016573,391,386,5
778,8108531,15.908427275282806,391,387,4
779,8166071,15.915498445411174,391,388,3
780,8178251,15.91698887153649,391,389,2
781,8183891,15.917678267854328,391,390,1
782,8194931,15.91902635035647,391,391,0
783,8208911,15.920730829512586,391,392,-1
784,8248061,15.925488700383884,392,392,0
785,8281571,15.929543242663684,392,393,-1
786,8312411,15.933260257122011,392,394,-2
787,8313911,15.933440693902204,392,395,-3
788,8318411,15.9339818089804,392,396,-4
789,8326601,15.934965887653451,393,396,-3
790,8336591,15.936164937775049,393,397,-4
791,8339621,15.936528329657252,394,397,-3
792,8344151,15.93707137233505,394,398,-4
793,8348531,15.937596153206155,394,399,-5
794,8381531,15.941541152668595,394,400,-6
795,8385101,15.941966998485924,395,400,-5
796,8431061,15.947433182082055,396,400,-4
797,8445971,15.949200080892107,396,401,-5
798,8460581,15.950928405347241,397,401,-4
799,8467631,15.951761334472607,397,402,-5
800,8487371,15.954089851911789,397,403,-6
801,8497031,15.955227366325499,397,404,-7
802,8513171,15.957125051590333,397,405,-8
803,8519471,15.957864807676007,397,406,-9
804,8540501,15.96033022914941,398,406,-8
805,8557721,15.962344474352456,399,406,-7
806,8561801,15.9628211231838,400,406,-6
807,8568401,15.963591692068695,401,406,-5
808,8573441,15.964179726907101,402,406,-4
809,8576591,15.96454707316458,402,407,-5
810,8594681,15.96665408150881,403,407,-4
811,8604641,15.967812266827202,404,407,-3
812,8616911,15.969237225748001,404,408,-4
813,8619431,15.969529631180425,404,409,-5
814,8621861,15.96981151260974,405,409,-4
815,8623031,15.96994720496453,405,410,-5
816,8648831,15.97293472526655,405,411,-6
817,8658101,15.974005972427687,406,411,-5
818,8669621,15.975335633845072,407,411,-4
819,8677391,15.976231465417635,407,412,-5
820,8685371,15.97715067407371,407,413,-6
821,8691581,15.977865413950344,408,413,-5
822,8717741,15.980870702690392,409,413,-4
823,8729051,15.982167216294073,409,414,-5
824,8741141,15.983551288309998,410,414,-4
825,8748581,15.984402073754017,411,414,-3
826,8773151,15.987206592862545,411,415,-4
827,8799611,15.99021807392593,411,416,-5
828,8827541,15.9933870513505,412,416,-4
829,8831981,15.993889896228584,413,416,-3
830,8833241,15.99403254940352,414,416,-2
831,8844371,15.995291769423813,414,417,-3
832,8868521,15.998018598556417,415,417,-2
833,8878271,15.999117388803237,415,418,-3
834,8898311,16.001372041411862,415,419,-4
835,8914181,16.00315393742048,416,419,-3
836,8926451,16.004529449446576,416,420,-4
837,9020981,16.015063644439905,417,420,-3
838,9081461,16.021745640717665,418,420,-2
839,9081881,16.021791887713405,419,420,-1
840,9083021,16.021917404493127,420,420,0
841,9127631,16.026816744641202,420,421,-1
842,9138131,16.027966436743462,420,422,-2
843,9146981,16.02893443745257,421,422,-1
844,9154961,16.029806476114445,422,422,0
845,9165251,16.03092982567853,422,423,-1
846,9220241,16.036911734019796,423,423,0
847,9276851,16.043032715279736,423,424,-1
848,9280541,16.043430400476947,424,424,0
849,9291641,16.044625736740795,425,424,1
850,9299441,16.045464848790072,426,424,2
851,9320321,16.047707628128745,427,424,3
852,9324431,16.048148502865676,427,425,2
853,9353291,16.051238817944554,427,426,1
854,9365591,16.05255299918361,427,427,0
855,9369551,16.052975734176382,427,428,-1
856,9394961,16.055684039676862,428,428,0
857,9426491,16.05903447507311,428,429,-1
858,9439271,16.06038931056344,428,430,-2
859,9440441,16.060513253132214,429,430,-1
860,9446861,16.06119307497731,430,430,0
861,9463241,16.06292548277677,431,430,1
862,9479411,16.06463274149932,431,431,0
863,9494201,16.066191749135356,432,431,1
864,9503951,16.067218164847368,432,432,0
865,9508061,16.067650523091622,433,432,1
866,9511421,16.068003845020677,434,432,2
867,9538091,16.070803918579024,434,433,1
868,9541991,16.071212721859254,434,434,0
869,9549101,16.071957571900175,435,434,1
870,9550391,16.072092654027173,435,435,0
871,9585881,16.075801844687668,436,435,1
872,9589421,16.07617106964592,437,435,2
873,9600551,16.07733105062432,437,436,1
874,9600581,16.077334175440086,438,436,2
875,9617981,16.07914492535512,439,436,3
876,9627461,16.080130093767124,440,436,4
877,9640481,16.08148156160751,441,436,5
878,9721421,16.089842359167044,442,436,6
879,9723011,16.090005902129217,442,437,5
880,9725951,16.090308231890816,442,438,4
881,9733811,16.09111605270871,442,439,3
882,9739901,16.091741511296014,443,439,4
883,9743471,16.092107977638694,443,440,3
884,9744401,16.09220342161541,444,440,4
885,9750071,16.092785124998798,444,441,3
886,9774461,16.09528352165044,445,441,4
887,9778031,16.095648692498195,445,442,3
888,9783881,16.096246793560542,446,442,4
889,9792701,16.09714787022416,447,442,5
890,9835751,16.101534366829018,447,443,4
891,9876101,16.10562835620739,448,443,5
892,9892031,16.107240041464067,448,444,4
893,9910751,16.109130685473204,448,445,3
894,9917051,16.109766156839317,448,446,2
895,9923981,16.110464709241413,449,446,3
896,9933611,16.11143461543698,449,447,2
897,9950201,16.113103309935763,450,447,3
898,9950531,16.113136474544987,450,448,2
899,9973211,16.115413156284433,450,449,1
