base_p1,model_type,p1,p2,p3,p4,vortex_winding,trivial_winding,holonomy_phase_total,phase_closure_ok,encircles_defect,pop_threshold_steps,ceab_loop_length,ceab_phase_closure_ok,gap_law_ok,canonical_vortex_winding,topological_contrast_vs_canonical,defect_core_valid,tag
5,canonical,5,7,11,13,1,0,0,1,1,4,2,1,1,1,0,1,[B]
5,ceab_shift,11,13,5,7,0,0,0,0,0,4,2,1,0,1,1,1,[B]
5,channel_shuffle,11,7,5,13,0,0,0,0,0,4,2,1,0,1,1,1,[B]
11,canonical,11,13,17,19,1,0,0,1,1,4,2,1,1,1,0,1,[B]
11,ceab_shift,17,19,11,13,0,0,0,0,0,4,2,1,0,1,1,1,[B]
11,channel_shuffle,17,13,11,19,0,0,0,0,0,4,2,1,0,1,1,1,[B]
101,canonical,101,103,107,109,1,0,0,1,1,4,2,1,1,1,0,1,[B]
101,ceab_shift,107,109,101,103,0,0,0,0,0,4,2,1,0,1,1,1,[B]
101,channel_shuffle,107,103,101,109,0,0,0,0,0,4,2,1,0,1,1,1,[B]
191,canonical,191,193,197,199,1,0,0,1,1,4,2,1,1,1,0,1,[B]
191,ceab_shift,197,199,191,193,0,0,0,0,0,4,2,1,0,1,1,1,[B]
191,channel_shuffle,197,193,191,199,0,0,0,0,0,4,2,1,0,1,1,1,[B]
821,canonical,821,823,827,829,1,0,0,1,1,4,2,1,1,1,0,1,[B]
821,ceab_shift,827,829,821,823,0,0,0,0,0,4,2,1,0,1,1,1,[B]
821,channel_shuffle,827,823,821,829,0,0,0,0,0,4,2,1,0,1,1,1,[B]
1481,canonical,1481,1483,1487,1489,1,0,0,1,1,4,2,1,1,1,0,1,[B]
1481,ceab_shift,1487,1489,1481,1483,0,0,0,0,0,4,2,1,0,1,1,1,[B]
1481,channel_shuffle,1487,1483,1481,1489,0,0,0,0,0,4,2,1,0,1,1,1,[B]
1871,canonical,1871,1873,1877,1879,1,0,0,1,1,4,2,1,1,1,0,1,[B]
1871,ceab_shift,1877,1879,1871,1873,0,0,0,0,0,4,2,1,0,1,1,1,[B]
1871,channel_shuffle,1877,1873,1871,1879,0,0,0,0,0,4,2,1,0,1,1,1,[B]
2081,canonical,2081,2083,2087,2089,1,0,0,1,1,4,2,1,1,1,0,1,[B]
2081,ceab_shift,2087,2089,2081,2083,0,0,0,0,0,4,2,1,0,1,1,1,[B]
2081,channel_shuffle,2087,2083,2081,2089,0,0,0,0,0,4,2,1,0,1,1,1,[B]
3251,canonical,3251,3253,3257,3259,1,0,0,1,1,4,2,1,1,1,0,1,[B]
3251,ceab_shift,3257,3259,3251,3253,0,0,0,0,0,4,2,1,0,1,1,1,[B]
3251,channel_shuffle,3257,3253,3251,3259,0,0,0,0,0,4,2,1,0,1,1,1,[B]
3461,canonical,3461,3463,3467,3469,1,0,0,1,1,4,2,1,1,1,0,1,[B]
3461,ceab_shift,3467,3469,3461,3463,0,0,0,0,0,4,2,1,0,1,1,1,[B]
3461,channel_shuffle,3467,3463,3461,3469,0,0,0,0,0,4,2,1,0,1,1,1,[B]
5651,canonical,5651,5653,5657,5659,1,0,0,1,1,4,2,1,1,1,0,1,[B]
5651,ceab_shift,5657,5659,5651,5653,0,0,0,0,0,4,2,1,0,1,1,1,[B]
5651,channel_shuffle,5657,5653,5651,5659,0,0,0,0,0,4,2,1,0,1,1,1,[B]
9431,canonical,9431,9433,9437,9439,1,0,0,1,1,4,2,1,1,1,0,1,[B]
9431,ceab_shift,9437,9439,9431,9433,0,0,0,0,0,4,2,1,0,1,1,1,[B]
9431,channel_shuffle,9437,9433,9431,9439,0,0,0,0,0,4,2,1,0,1,1,1,[B]
13001,canonical,13001,13003,13007,13009,1,0,0,1,1,4,2,1,1,1,0,1,[B]
13001,ceab_shift,13007,13009,13001,13003,0,0,0,0,0,4,2,1,0,1,1,1,[B]
13001,channel_shuffle,13007,13003,13001,13009,0,0,0,0,0,4,2,1,0,1,1,1,[B]
15641,canonical,15641,15643,15647,15649,1,0,0,1,1,4,2,1,1,1,0,1,[B]
15641,ceab_shift,15647,15649,15641,15643,0,0,0,0,0,4,2,1,0,1,1,1,[B]
15641,channel_shuffle,15647,15643,15641,15649,0,0,0,0,0,4,2,1,0,1,1,1,[B]
15731,canonical,15731,15733,15737,15739,1,0,0,1,1,4,2,1,1,1,0,1,[B]
15731,ceab_shift,15737,15739,15731,15733,0,0,0,0,0,4,2,1,0,1,1,1,[B]
15731,channel_shuffle,15737,15733,15731,15739,0,0,0,0,0,4,2,1,0,1,1,1,[B]
16061,canonical,16061,16063,16067,16069,1,0,0,1,1,4,2,1,1,1,0,1,[B]
16061,ceab_shift,16067,16069,16061,16063,0,0,0,0,0,4,2,1,0,1,1,1,[B]
16061,channel_shuffle,16067,16063,16061,16069,0,0,0,0,0,4,2,1,0,1,1,1,[B]
18041,canonical,18041,18043,18047,18049,1,0,0,1,1,4,2,1,1,1,0,1,[B]
18041,ceab_shift,18047,18049,18041,18043,0,0,0,0,0,4,2,1,0,1,1,1,[B]
18041,channel_shuffle,18047,18043,18041,18049,0,0,0,0,0,4,2,1,0,1,1,1,[B]
18911,canonical,18911,18913,18917,18919,1,0,0,1,1,4,2,1,1,1,0,1,[B]
18911,ceab_shift,18917,18919,18911,18913,0,0,0,0,0,4,2,1,0,1,1,1,[B]
18911,channel_shuffle,18917,18913,18911,18919,0,0,0,0,0,4,2,1,0,1,1,1,[B]
19421,canonical,19421,19423,19427,19429,1,0,0,1,1,4,2,1,1,1,0,1,[B]
19421,ceab_shift,19427,19429,19421,19423,0,0,0,0,0,4,2,1,0,1,1,1,[B]
19421,channel_shuffle,19427,19423,19421,19429,0,0,0,0,0,4,2,1,0,1,1,1,[B]
21011,canonical,21011,21013,21017,21019,1,0,0,1,1,4,2,1,1,1,0,1,[B]
21011,ceab_shift,21017,21019,21011,21013,0,0,0,0,0,4,2,1,0,1,1,1,[B]
21011,channel_shuffle,21017,21013,21011,21019,0,0,0,0,0,4,2,1,0,1,1,1,[B]
22271,canonical,22271,22273,22277,22279,1,0,0,1,1,4,2,1,1,1,0,1,[B]
22271,ceab_shift,22277,22279,22271,22273,0,0,0,0,0,4,2,1,0,1,1,1,[B]
22271,channel_shuffle,22277,22273,22271,22279,0,0,0,0,0,4,2,1,0,1,1,1,[B]
25301,canonical,25301,25303,25307,25309,1,0,0,1,1,4,2,1,1,1,0,1,[B]
25301,ceab_shift,25307,25309,25301,25303,0,0,0,0,0,4,2,1,0,1,1,1,[B]
25301,channel_shuffle,25307,25303,25301,25309,0,0,0,0,0,4,2,1,0,1,1,1,[B]
31721,canonical,31721,31723,31727,31729,1,0,0,1,1,4,2,1,1,1,0,1,[B]
31721,ceab_shift,31727,31729,31721,31723,0,0,0,0,0,4,2,1,0,1,1,1,[B]
31721,channel_shuffle,31727,31723,31721,31729,0,0,0,0,0,4,2,1,0,1,1,1,[B]
34841,canonical,34841,34843,34847,34849,1,0,0,1,1,4,2,1,1,1,0,1,[B]
34841,ceab_shift,34847,34849,34841,34843,0,0,0,0,0,4,2,1,0,1,1,1,[B]
34841,channel_shuffle,34847,34843,34841,34849,0,0,0,0,0,4,2,1,0,1,1,1,[B]
43781,canonical,43781,43783,43787,43789,1,0,0,1,1,4,2,1,1,1,0,1,[B]
43781,ceab_shift,43787,43789,43781,43783,0,0,0,0,0,4,2,1,0,1,1,1,[B]
43781,channel_shuffle,43787,43783,43781,43789,0,0,0,0,0,4,2,1,0,1,1,1,[B]
51341,canonical,51341,51343,51347,51349,1,0,0,1,1,4,2,1,1,1,0,1,[B]
51341,ceab_shift,51347,51349,51341,51343,0,0,0,0,0,4,2,1,0,1,1,1,[B]
51341,channel_shuffle,51347,51343,51341,51349,0,0,0,0,0,4,2,1,0,1,1,1,[B]
55331,canonical,55331,55333,55337,55339,1,0,0,1,1,4,2,1,1,1,0,1,[B]
55331,ceab_shift,55337,55339,55331,55333,0,0,0,0,0,4,2,1,0,1,1,1,[B]
55331,channel_shuffle,55337,55333,55331,55339,0,0,0,0,0,4,2,1,0,1,1,1,[B]
62981,canonical,62981,62983,62987,62989,1,0,0,1,1,4,2,1,1,1,0,1,[B]
62981,ceab_shift,62987,62989,62981,62983,0,0,0,0,0,4,2,1,0,1,1,1,[B]
62981,channel_shuffle,62987,62983,62981,62989,0,0,0,0,0,4,2,1,0,1,1,1,[B]
67211,canonical,67211,67213,67217,67219,1,0,0,1,1,4,2,1,1,1,0,1,[B]
67211,ceab_shift,67217,67219,67211,67213,0,0,0,0,0,4,2,1,0,1,1,1,[B]
67211,channel_shuffle,67217,67213,67211,67219,0,0,0,0,0,4,2,1,0,1,1,1,[B]
69491,canonical,69491,69493,69497,69499,1,0,0,1,1,4,2,1,1,1,0,1,[B]
69491,ceab_shift,69497,69499,69491,69493,0,0,0,0,0,4,2,1,0,1,1,1,[B]
69491,channel_shuffle,69497,69493,69491,69499,0,0,0,0,0,4,2,1,0,1,1,1,[B]
72221,canonical,72221,72223,72227,72229,1,0,0,1,1,4,2,1,1,1,0,1,[B]
72221,ceab_shift,72227,72229,72221,72223,0,0,0,0,0,4,2,1,0,1,1,1,[B]
72221,channel_shuffle,72227,72223,72221,72229,0,0,0,0,0,4,2,1,0,1,1,1,[B]
77261,canonical,77261,77263,77267,77269,1,0,0,1,1,4,2,1,1,1,0,1,[B]
77261,ceab_shift,77267,77269,77261,77263,0,0,0,0,0,4,2,1,0,1,1,1,[B]
77261,channel_shuffle,77267,77263,77261,77269,0,0,0,0,0,4,2,1,0,1,1,1,[B]
79691,canonical,79691,79693,79697,79699,1,0,0,1,1,4,2,1,1,1,0,1,[B]
79691,ceab_shift,79697,79699,79691,79693,0,0,0,0,0,4,2,1,0,1,1,1,[B]
79691,channel_shuffle,79697,79693,79691,79699,0,0,0,0,0,4,2,1,0,1,1,1,[B]
81041,canonical,81041,81043,81047,81049,1,0,0,1,1,4,2,1,1,1,0,1,[B]
81041,ceab_shift,81047,81049,81041,81043,0,0,0,0,0,4,2,1,0,1,1,1,[B]
81041,channel_shuffle,81047,81043,81041,81049,0,0,0,0,0,4,2,1,0,1,1,1,[B]
82721,canonical,82721,82723,82727,82729,1,0,0,1,1,4,2,1,1,1,0,1,[B]
82721,ceab_shift,82727,82729,82721,82723,0,0,0,0,0,4,2,1,0,1,1,1,[B]
82721,channel_shuffle,82727,82723,82721,82729,0,0,0,0,0,4,2,1,0,1,1,1,[B]
88811,canonical,88811,88813,88817,88819,1,0,0,1,1,4,2,1,1,1,0,1,[B]
88811,ceab_shift,88817,88819,88811,88813,0,0,0,0,0,4,2,1,0,1,1,1,[B]
88811,channel_shuffle,88817,88813,88811,88819,0,0,0,0,0,4,2,1,0,1,1,1,[B]
97841,canonical,97841,97843,97847,97849,1,0,0,1,1,4,2,1,1,1,0,1,[B]
97841,ceab_shift,97847,97849,97841,97843,0,0,0,0,0,4,2,1,0,1,1,1,[B]
97841,channel_shuffle,97847,97843,97841,97849,0,0,0,0,0,4,2,1,0,1,1,1,[B]
99131,canonical,99131,99133,99137,99139,1,0,0,1,1,4,2,1,1,1,0,1,[B]
99131,ceab_shift,99137,99139,99131,99133,0,0,0,0,0,4,2,1,0,1,1,1,[B]
99131,channel_shuffle,99137,99133,99131,99139,0,0,0,0,0,4,2,1,0,1,1,1,[B]
101111,canonical,101111,101113,101117,101119,1,0,0,1,1,4,2,1,1,1,0,1,[B]
101111,ceab_shift,101117,101119,101111,101113,0,0,0,0,0,4,2,1,0,1,1,1,[B]
101111,channel_shuffle,101117,101113,101111,101119,0,0,0,0,0,4,2,1,0,1,1,1,[B]
109841,canonical,109841,109843,109847,109849,1,0,0,1,1,4,2,1,1,1,0,1,[B]
109841,ceab_shift,109847,109849,109841,109843,0,0,0,0,0,4,2,1,0,1,1,1,[B]
109841,channel_shuffle,109847,109843,109841,109849,0,0,0,0,0,4,2,1,0,1,1,1,[B]
116531,canonical,116531,116533,116537,116539,1,0,0,1,1,4,2,1,1,1,0,1,[B]
116531,ceab_shift,116537,116539,116531,116533,0,0,0,0,0,4,2,1,0,1,1,1,[B]
116531,channel_shuffle,116537,116533,116531,116539,0,0,0,0,0,4,2,1,0,1,1,1,[B]
119291,canonical,119291,119293,119297,119299,1,0,0,1,1,4,2,1,1,1,0,1,[B]
119291,ceab_shift,119297,119299,119291,119293,0,0,0,0,0,4,2,1,0,1,1,1,[B]
119291,channel_shuffle,119297,119293,119291,119299,0,0,0,0,0,4,2,1,0,1,1,1,[B]
122201,canonical,122201,122203,122207,122209,1,0,0,1,1,4,2,1,1,1,0,1,[B]
122201,ceab_shift,122207,122209,122201,122203,0,0,0,0,0,4,2,1,0,1,1,1,[B]
122201,channel_shuffle,122207,122203,122201,122209,0,0,0,0,0,4,2,1,0,1,1,1,[B]
135461,canonical,135461,135463,135467,135469,1,0,0,1,1,4,2,1,1,1,0,1,[B]
135461,ceab_shift,135467,135469,135461,135463,0,0,0,0,0,4,2,1,0,1,1,1,[B]
135461,channel_shuffle,135467,135463,135461,135469,0,0,0,0,0,4,2,1,0,1,1,1,[B]
144161,canonical,144161,144163,144167,144169,1,0,0,1,1,4,2,1,1,1,0,1,[B]
144161,ceab_shift,144167,144169,144161,144163,0,0,0,0,0,4,2,1,0,1,1,1,[B]
144161,channel_shuffle,144167,144163,144161,144169,0,0,0,0,0,4,2,1,0,1,1,1,[B]
157271,canonical,157271,157273,157277,157279,1,0,0,1,1,4,2,1,1,1,0,1,[B]
157271,ceab_shift,157277,157279,157271,157273,0,0,0,0,0,4,2,1,0,1,1,1,[B]
157271,channel_shuffle,157277,157273,157271,157279,0,0,0,0,0,4,2,1,0,1,1,1,[B]
165701,canonical,165701,165703,165707,165709,1,0,0,1,1,4,2,1,1,1,0,1,[B]
165701,ceab_shift,165707,165709,165701,165703,0,0,0,0,0,4,2,1,0,1,1,1,[B]
165701,channel_shuffle,165707,165703,165701,165709,0,0,0,0,0,4,2,1,0,1,1,1,[B]
166841,canonical,166841,166843,166847,166849,1,0,0,1,1,4,2,1,1,1,0,1,[B]
166841,ceab_shift,166847,166849,166841,166843,0,0,0,0,0,4,2,1,0,1,1,1,[B]
166841,channel_shuffle,166847,166843,166841,166849,0,0,0,0,0,4,2,1,0,1,1,1,[B]
171161,canonical,171161,171163,171167,171169,1,0,0,1,1,4,2,1,1,1,0,1,[B]
171161,ceab_shift,171167,171169,171161,171163,0,0,0,0,0,4,2,1,0,1,1,1,[B]
171161,channel_shuffle,171167,171163,171161,171169,0,0,0,0,0,4,2,1,0,1,1,1,[B]
187631,canonical,187631,187633,187637,187639,1,0,0,1,1,4,2,1,1,1,0,1,[B]
187631,ceab_shift,187637,187639,187631,187633,0,0,0,0,0,4,2,1,0,1,1,1,[B]
187631,channel_shuffle,187637,187633,187631,187639,0,0,0,0,0,4,2,1,0,1,1,1,[B]
194861,canonical,194861,194863,194867,194869,1,0,0,1,1,4,2,1,1,1,0,1,[B]
194861,ceab_shift,194867,194869,194861,194863,0,0,0,0,0,4,2,1,0,1,1,1,[B]
194861,channel_shuffle,194867,194863,194861,194869,0,0,0,0,0,4,2,1,0,1,1,1,[B]
195731,canonical,195731,195733,195737,195739,1,0,0,1,1,4,2,1,1,1,0,1,[B]
195731,ceab_shift,195737,195739,195731,195733,0,0,0,0,0,4,2,1,0,1,1,1,[B]
195731,channel_shuffle,195737,195733,195731,195739,0,0,0,0,0,4,2,1,0,1,1,1,[B]
201491,canonical,201491,201493,201497,201499,1,0,0,1,1,4,2,1,1,1,0,1,[B]
201491,ceab_shift,201497,201499,201491,201493,0,0,0,0,0,4,2,1,0,1,1,1,[B]
201491,channel_shuffle,201497,201493,201491,201499,0,0,0,0,0,4,2,1,0,1,1,1,[B]
201821,canonical,201821,201823,201827,201829,1,0,0,1,1,4,2,1,1,1,0,1,[B]
201821,ceab_shift,201827,201829,201821,201823,0,0,0,0,0,4,2,1,0,1,1,1,[B]
201821,channel_shuffle,201827,201823,201821,201829,0,0,0,0,0,4,2,1,0,1,1,1,[B]
217361,canonical,217361,217363,217367,217369,1,0,0,1,1,4,2,1,1,1,0,1,[B]
217361,ceab_shift,217367,217369,217361,217363,0,0,0,0,0,4,2,1,0,1,1,1,[B]
217361,channel_shuffle,217367,217363,217361,217369,0,0,0,0,0,4,2,1,0,1,1,1,[B]
225341,canonical,225341,225343,225347,225349,1,0,0,1,1,4,2,1,1,1,0,1,[B]
225341,ceab_shift,225347,225349,225341,225343,0,0,0,0,0,4,2,1,0,1,1,1,[B]
225341,channel_shuffle,225347,225343,225341,225349,0,0,0,0,0,4,2,1,0,1,1,1,[B]
240041,canonical,240041,240043,240047,240049,1,0,0,1,1,4,2,1,1,1,0,1,[B]
240041,ceab_shift,240047,240049,240041,240043,0,0,0,0,0,4,2,1,0,1,1,1,[B]
240041,channel_shuffle,240047,240043,240041,240049,0,0,0,0,0,4,2,1,0,1,1,1,[B]
243701,canonical,243701,243703,243707,243709,1,0,0,1,1,4,2,1,1,1,0,1,[B]
243701,ceab_shift,243707,243709,243701,243703,0,0,0,0,0,4,2,1,0,1,1,1,[B]
243701,channel_shuffle,243707,243703,243701,243709,0,0,0,0,0,4,2,1,0,1,1,1,[B]
247601,canonical,247601,247603,247607,247609,1,0,0,1,1,4,2,1,1,1,0,1,[B]
247601,ceab_shift,247607,247609,247601,247603,0,0,0,0,0,4,2,1,0,1,1,1,[B]
247601,channel_shuffle,247607,247603,247601,247609,0,0,0,0,0,4,2,1,0,1,1,1,[B]
247991,canonical,247991,247993,247997,247999,1,0,0,1,1,4,2,1,1,1,0,1,[B]
247991,ceab_shift,247997,247999,247991,247993,0,0,0,0,0,4,2,1,0,1,1,1,[B]
247991,channel_shuffle,247997,247993,247991,247999,0,0,0,0,0,4,2,1,0,1,1,1,[B]
257861,canonical,257861,257863,257867,257869,1,0,0,1,1,4,2,1,1,1,0,1,[B]
257861,ceab_shift,257867,257869,257861,257863,0,0,0,0,0,4,2,1,0,1,1,1,[B]
257861,channel_shuffle,257867,257863,257861,257869,0,0,0,0,0,4,2,1,0,1,1,1,[B]
260411,canonical,260411,260413,260417,260419,1,0,0,1,1,4,2,1,1,1,0,1,[B]
260411,ceab_shift,260417,260419,260411,260413,0,0,0,0,0,4,2,1,0,1,1,1,[B]
260411,channel_shuffle,260417,260413,260411,260419,0,0,0,0,0,4,2,1,0,1,1,1,[B]
266681,canonical,266681,266683,266687,266689,1,0,0,1,1,4,2,1,1,1,0,1,[B]
266681,ceab_shift,266687,266689,266681,266683,0,0,0,0,0,4,2,1,0,1,1,1,[B]
266681,channel_shuffle,266687,266683,266681,266689,0,0,0,0,0,4,2,1,0,1,1,1,[B]
268811,canonical,268811,268813,268817,268819,1,0,0,1,1,4,2,1,1,1,0,1,[B]
268811,ceab_shift,268817,268819,268811,268813,0,0,0,0,0,4,2,1,0,1,1,1,[B]
268811,channel_shuffle,268817,268813,268811,268819,0,0,0,0,0,4,2,1,0,1,1,1,[B]
276041,canonical,276041,276043,276047,276049,1,0,0,1,1,4,2,1,1,1,0,1,[B]
276041,ceab_shift,276047,276049,276041,276043,0,0,0,0,0,4,2,1,0,1,1,1,[B]
276041,channel_shuffle,276047,276043,276041,276049,0,0,0,0,0,4,2,1,0,1,1,1,[B]
284741,canonical,284741,284743,284747,284749,1,0,0,1,1,4,2,1,1,1,0,1,[B]
284741,ceab_shift,284747,284749,284741,284743,0,0,0,0,0,4,2,1,0,1,1,1,[B]
284741,channel_shuffle,284747,284743,284741,284749,0,0,0,0,0,4,2,1,0,1,1,1,[B]
285281,canonical,285281,285283,285287,285289,1,0,0,1,1,4,2,1,1,1,0,1,[B]
285281,ceab_shift,285287,285289,285281,285283,0,0,0,0,0,4,2,1,0,1,1,1,[B]
285281,channel_shuffle,285287,285283,285281,285289,0,0,0,0,0,4,2,1,0,1,1,1,[B]
294311,canonical,294311,294313,294317,294319,1,0,0,1,1,4,2,1,1,1,0,1,[B]
294311,ceab_shift,294317,294319,294311,294313,0,0,0,0,0,4,2,1,0,1,1,1,[B]
294311,channel_shuffle,294317,294313,294311,294319,0,0,0,0,0,4,2,1,0,1,1,1,[B]
295871,canonical,295871,295873,295877,295879,1,0,0,1,1,4,2,1,1,1,0,1,[B]
295871,ceab_shift,295877,295879,295871,295873,0,0,0,0,0,4,2,1,0,1,1,1,[B]
295871,channel_shuffle,295877,295873,295871,295879,0,0,0,0,0,4,2,1,0,1,1,1,[B]
299471,canonical,299471,299473,299477,299479,1,0,0,1,1,4,2,1,1,1,0,1,[B]
299471,ceab_shift,299477,299479,299471,299473,0,0,0,0,0,4,2,1,0,1,1,1,[B]
299471,channel_shuffle,299477,299473,299471,299479,0,0,0,0,0,4,2,1,0,1,1,1,[B]
300491,canonical,300491,300493,300497,300499,1,0,0,1,1,4,2,1,1,1,0,1,[B]
300491,ceab_shift,300497,300499,300491,300493,0,0,0,0,0,4,2,1,0,1,1,1,[B]
300491,channel_shuffle,300497,300493,300491,300499,0,0,0,0,0,4,2,1,0,1,1,1,[B]
301991,canonical,301991,301993,301997,301999,1,0,0,1,1,4,2,1,1,1,0,1,[B]
301991,ceab_shift,301997,301999,301991,301993,0,0,0,0,0,4,2,1,0,1,1,1,[B]
301991,channel_shuffle,301997,301993,301991,301999,0,0,0,0,0,4,2,1,0,1,1,1,[B]
326141,canonical,326141,326143,326147,326149,1,0,0,1,1,4,2,1,1,1,0,1,[B]
326141,ceab_shift,326147,326149,326141,326143,0,0,0,0,0,4,2,1,0,1,1,1,[B]
326141,channel_shuffle,326147,326143,326141,326149,0,0,0,0,0,4,2,1,0,1,1,1,[B]
334421,canonical,334421,334423,334427,334429,1,0,0,1,1,4,2,1,1,1,0,1,[B]
334421,ceab_shift,334427,334429,334421,334423,0,0,0,0,0,4,2,1,0,1,1,1,[B]
334421,channel_shuffle,334427,334423,334421,334429,0,0,0,0,0,4,2,1,0,1,1,1,[B]
340931,canonical,340931,340933,340937,340939,1,0,0,1,1,4,2,1,1,1,0,1,[B]
340931,ceab_shift,340937,340939,340931,340933,0,0,0,0,0,4,2,1,0,1,1,1,[B]
340931,channel_shuffle,340937,340933,340931,340939,0,0,0,0,0,4,2,1,0,1,1,1,[B]
346391,canonical,346391,346393,346397,346399,1,0,0,1,1,4,2,1,1,1,0,1,[B]
346391,ceab_shift,346397,346399,346391,346393,0,0,0,0,0,4,2,1,0,1,1,1,[B]
346391,channel_shuffle,346397,346393,346391,346399,0,0,0,0,0,4,2,1,0,1,1,1,[B]
347981,canonical,347981,347983,347987,347989,1,0,0,1,1,4,2,1,1,1,0,1,[B]
347981,ceab_shift,347987,347989,347981,347983,0,0,0,0,0,4,2,1,0,1,1,1,[B]
347981,channel_shuffle,347987,347983,347981,347989,0,0,0,0,0,4,2,1,0,1,1,1,[B]
354251,canonical,354251,354253,354257,354259,1,0,0,1,1,4,2,1,1,1,0,1,[B]
354251,ceab_shift,354257,354259,354251,354253,0,0,0,0,0,4,2,1,0,1,1,1,[B]
354251,channel_shuffle,354257,354253,354251,354259,0,0,0,0,0,4,2,1,0,1,1,1,[B]
358901,canonical,358901,358903,358907,358909,1,0,0,1,1,4,2,1,1,1,0,1,[B]
358901,ceab_shift,358907,358909,358901,358903,0,0,0,0,0,4,2,1,0,1,1,1,[B]
358901,channel_shuffle,358907,358903,358901,358909,0,0,0,0,0,4,2,1,0,1,1,1,[B]
361211,canonical,361211,361213,361217,361219,1,0,0,1,1,4,2,1,1,1,0,1,[B]
361211,ceab_shift,361217,361219,361211,361213,0,0,0,0,0,4,2,1,0,1,1,1,[B]
361211,channel_shuffle,361217,361213,361211,361219,0,0,0,0,0,4,2,1,0,1,1,1,[B]
375251,canonical,375251,375253,375257,375259,1,0,0,1,1,4,2,1,1,1,0,1,[B]
375251,ceab_shift,375257,375259,375251,375253,0,0,0,0,0,4,2,1,0,1,1,1,[B]
375251,channel_shuffle,375257,375253,375251,375259,0,0,0,0,0,4,2,1,0,1,1,1,[B]
388691,canonical,388691,388693,388697,388699,1,0,0,1,1,4,2,1,1,1,0,1,[B]
388691,ceab_shift,388697,388699,388691,388693,0,0,0,0,0,4,2,1,0,1,1,1,[B]
388691,channel_shuffle,388697,388693,388691,388699,0,0,0,0,0,4,2,1,0,1,1,1,[B]
389561,canonical,389561,389563,389567,389569,1,0,0,1,1,4,2,1,1,1,0,1,[B]
389561,ceab_shift,389567,389569,389561,389563,0,0,0,0,0,4,2,1,0,1,1,1,[B]
389561,channel_shuffle,389567,389563,389561,389569,0,0,0,0,0,4,2,1,0,1,1,1,[B]
392261,canonical,392261,392263,392267,392269,1,0,0,1,1,4,2,1,1,1,0,1,[B]
392261,ceab_shift,392267,392269,392261,392263,0,0,0,0,0,4,2,1,0,1,1,1,[B]
392261,channel_shuffle,392267,392263,392261,392269,0,0,0,0,0,4,2,1,0,1,1,1,[B]
394811,canonical,394811,394813,394817,394819,1,0,0,1,1,4,2,1,1,1,0,1,[B]
394811,ceab_shift,394817,394819,394811,394813,0,0,0,0,0,4,2,1,0,1,1,1,[B]
394811,channel_shuffle,394817,394813,394811,394819,0,0,0,0,0,4,2,1,0,1,1,1,[B]
397541,canonical,397541,397543,397547,397549,1,0,0,1,1,4,2,1,1,1,0,1,[B]
397541,ceab_shift,397547,397549,397541,397543,0,0,0,0,0,4,2,1,0,1,1,1,[B]
397541,channel_shuffle,397547,397543,397541,397549,0,0,0,0,0,4,2,1,0,1,1,1,[B]
397751,canonical,397751,397753,397757,397759,1,0,0,1,1,4,2,1,1,1,0,1,[B]
397751,ceab_shift,397757,397759,397751,397753,0,0,0,0,0,4,2,1,0,1,1,1,[B]
397751,channel_shuffle,397757,397753,397751,397759,0,0,0,0,0,4,2,1,0,1,1,1,[B]
402131,canonical,402131,402133,402137,402139,1,0,0,1,1,4,2,1,1,1,0,1,[B]
402131,ceab_shift,402137,402139,402131,402133,0,0,0,0,0,4,2,1,0,1,1,1,[B]
402131,channel_shuffle,402137,402133,402131,402139,0,0,0,0,0,4,2,1,0,1,1,1,[B]
402761,canonical,402761,402763,402767,402769,1,0,0,1,1,4,2,1,1,1,0,1,[B]
402761,ceab_shift,402767,402769,402761,402763,0,0,0,0,0,4,2,1,0,1,1,1,[B]
402761,channel_shuffle,402767,402763,402761,402769,0,0,0,0,0,4,2,1,0,1,1,1,[B]
412031,canonical,412031,412033,412037,412039,1,0,0,1,1,4,2,1,1,1,0,1,[B]
412031,ceab_shift,412037,412039,412031,412033,0,0,0,0,0,4,2,1,0,1,1,1,[B]
412031,channel_shuffle,412037,412033,412031,412039,0,0,0,0,0,4,2,1,0,1,1,1,[B]
419051,canonical,419051,419053,419057,419059,1,0,0,1,1,4,2,1,1,1,0,1,[B]
419051,ceab_shift,419057,419059,419051,419053,0,0,0,0,0,4,2,1,0,1,1,1,[B]
419051,channel_shuffle,419057,419053,419051,419059,0,0,0,0,0,4,2,1,0,1,1,1,[B]
420851,canonical,420851,420853,420857,420859,1,0,0,1,1,4,2,1,1,1,0,1,[B]
420851,ceab_shift,420857,420859,420851,420853,0,0,0,0,0,4,2,1,0,1,1,1,[B]
420851,channel_shuffle,420857,420853,420851,420859,0,0,0,0,0,4,2,1,0,1,1,1,[B]
427241,canonical,427241,427243,427247,427249,1,0,0,1,1,4,2,1,1,1,0,1,[B]
427241,ceab_shift,427247,427249,427241,427243,0,0,0,0,0,4,2,1,0,1,1,1,[B]
427241,channel_shuffle,427247,427243,427241,427249,0,0,0,0,0,4,2,1,0,1,1,1,[B]
442571,canonical,442571,442573,442577,442579,1,0,0,1,1,4,2,1,1,1,0,1,[B]
442571,ceab_shift,442577,442579,442571,442573,0,0,0,0,0,4,2,1,0,1,1,1,[B]
442571,channel_shuffle,442577,442573,442571,442579,0,0,0,0,0,4,2,1,0,1,1,1,[B]
444341,canonical,444341,444343,444347,444349,1,0,0,1,1,4,2,1,1,1,0,1,[B]
444341,ceab_shift,444347,444349,444341,444343,0,0,0,0,0,4,2,1,0,1,1,1,[B]
444341,channel_shuffle,444347,444343,444341,444349,0,0,0,0,0,4,2,1,0,1,1,1,[B]
452531,canonical,452531,452533,452537,452539,1,0,0,1,1,4,2,1,1,1,0,1,[B]
452531,ceab_shift,452537,452539,452531,452533,0,0,0,0,0,4,2,1,0,1,1,1,[B]
452531,channel_shuffle,452537,452533,452531,452539,0,0,0,0,0,4,2,1,0,1,1,1,[B]
463451,canonical,463451,463453,463457,463459,1,0,0,1,1,4,2,1,1,1,0,1,[B]
463451,ceab_shift,463457,463459,463451,463453,0,0,0,0,0,4,2,1,0,1,1,1,[B]
463451,channel_shuffle,463457,463453,463451,463459,0,0,0,0,0,4,2,1,0,1,1,1,[B]
465161,canonical,465161,465163,465167,465169,1,0,0,1,1,4,2,1,1,1,0,1,[B]
465161,ceab_shift,465167,465169,465161,465163,0,0,0,0,0,4,2,1,0,1,1,1,[B]
465161,channel_shuffle,465167,465163,465161,465169,0,0,0,0,0,4,2,1,0,1,1,1,[B]
467471,canonical,467471,467473,467477,467479,1,0,0,1,1,4,2,1,1,1,0,1,[B]
467471,ceab_shift,467477,467479,467471,467473,0,0,0,0,0,4,2,1,0,1,1,1,[B]
467471,channel_shuffle,467477,467473,467471,467479,0,0,0,0,0,4,2,1,0,1,1,1,[B]
470081,canonical,470081,470083,470087,470089,1,0,0,1,1,4,2,1,1,1,0,1,[B]
470081,ceab_shift,470087,470089,470081,470083,0,0,0,0,0,4,2,1,0,1,1,1,[B]
470081,channel_shuffle,470087,470083,470081,470089,0,0,0,0,0,4,2,1,0,1,1,1,[B]
477011,canonical,477011,477013,477017,477019,1,0,0,1,1,4,2,1,1,1,0,1,[B]
477011,ceab_shift,477017,477019,477011,477013,0,0,0,0,0,4,2,1,0,1,1,1,[B]
477011,channel_shuffle,477017,477013,477011,477019,0,0,0,0,0,4,2,1,0,1,1,1,[B]
490571,canonical,490571,490573,490577,490579,1,0,0,1,1,4,2,1,1,1,0,1,[B]
490571,ceab_shift,490577,490579,490571,490573,0,0,0,0,0,4,2,1,0,1,1,1,[B]
490571,channel_shuffle,490577,490573,490571,490579,0,0,0,0,0,4,2,1,0,1,1,1,[B]
495611,canonical,495611,495613,495617,495619,1,0,0,1,1,4,2,1,1,1,0,1,[B]
495611,ceab_shift,495617,495619,495611,495613,0,0,0,0,0,4,2,1,0,1,1,1,[B]
495611,channel_shuffle,495617,495613,495611,495619,0,0,0,0,0,4,2,1,0,1,1,1,[B]
500231,canonical,500231,500233,500237,500239,1,0,0,1,1,4,2,1,1,1,0,1,[B]
500231,ceab_shift,500237,500239,500231,500233,0,0,0,0,0,4,2,1,0,1,1,1,[B]
500231,channel_shuffle,500237,500233,500231,500239,0,0,0,0,0,4,2,1,0,1,1,1,[B]
510611,canonical,510611,510613,510617,510619,1,0,0,1,1,4,2,1,1,1,0,1,[B]
510611,ceab_shift,510617,510619,510611,510613,0,0,0,0,0,4,2,1,0,1,1,1,[B]
510611,channel_shuffle,510617,510613,510611,510619,0,0,0,0,0,4,2,1,0,1,1,1,[B]
518801,canonical,518801,518803,518807,518809,1,0,0,1,1,4,2,1,1,1,0,1,[B]
518801,ceab_shift,518807,518809,518801,518803,0,0,0,0,0,4,2,1,0,1,1,1,[B]
518801,channel_shuffle,518807,518803,518801,518809,0,0,0,0,0,4,2,1,0,1,1,1,[B]
536441,canonical,536441,536443,536447,536449,1,0,0,1,1,4,2,1,1,1,0,1,[B]
536441,ceab_shift,536447,536449,536441,536443,0,0,0,0,0,4,2,1,0,1,1,1,[B]
536441,channel_shuffle,536447,536443,536441,536449,0,0,0,0,0,4,2,1,0,1,1,1,[B]
536771,canonical,536771,536773,536777,536779,1,0,0,1,1,4,2,1,1,1,0,1,[B]
536771,ceab_shift,536777,536779,536771,536773,0,0,0,0,0,4,2,1,0,1,1,1,[B]
536771,channel_shuffle,536777,536773,536771,536779,0,0,0,0,0,4,2,1,0,1,1,1,[B]
539501,canonical,539501,539503,539507,539509,1,0,0,1,1,4,2,1,1,1,0,1,[B]
539501,ceab_shift,539507,539509,539501,539503,0,0,0,0,0,4,2,1,0,1,1,1,[B]
539501,channel_shuffle,539507,539503,539501,539509,0,0,0,0,0,4,2,1,0,1,1,1,[B]
549161,canonical,549161,549163,549167,549169,1,0,0,1,1,4,2,1,1,1,0,1,[B]
549161,ceab_shift,549167,549169,549161,549163,0,0,0,0,0,4,2,1,0,1,1,1,[B]
549161,channel_shuffle,549167,549163,549161,549169,0,0,0,0,0,4,2,1,0,1,1,1,[B]
559211,canonical,559211,559213,559217,559219,1,0,0,1,1,4,2,1,1,1,0,1,[B]
559211,ceab_shift,559217,559219,559211,559213,0,0,0,0,0,4,2,1,0,1,1,1,[B]
559211,channel_shuffle,559217,559213,559211,559219,0,0,0,0,0,4,2,1,0,1,1,1,[B]
563411,canonical,563411,563413,563417,563419,1,0,0,1,1,4,2,1,1,1,0,1,[B]
563411,ceab_shift,563417,563419,563411,563413,0,0,0,0,0,4,2,1,0,1,1,1,[B]
563411,channel_shuffle,563417,563413,563411,563419,0,0,0,0,0,4,2,1,0,1,1,1,[B]
570041,canonical,570041,570043,570047,570049,1,0,0,1,1,4,2,1,1,1,0,1,[B]
570041,ceab_shift,570047,570049,570041,570043,0,0,0,0,0,4,2,1,0,1,1,1,[B]
570041,channel_shuffle,570047,570043,570041,570049,0,0,0,0,0,4,2,1,0,1,1,1,[B]
572651,canonical,572651,572653,572657,572659,1,0,0,1,1,4,2,1,1,1,0,1,[B]
572651,ceab_shift,572657,572659,572651,572653,0,0,0,0,0,4,2,1,0,1,1,1,[B]
572651,channel_shuffle,572657,572653,572651,572659,0,0,0,0,0,4,2,1,0,1,1,1,[B]
585911,canonical,585911,585913,585917,585919,1,0,0,1,1,4,2,1,1,1,0,1,[B]
585911,ceab_shift,585917,585919,585911,585913,0,0,0,0,0,4,2,1,0,1,1,1,[B]
585911,channel_shuffle,585917,585913,585911,585919,0,0,0,0,0,4,2,1,0,1,1,1,[B]
594821,canonical,594821,594823,594827,594829,1,0,0,1,1,4,2,1,1,1,0,1,[B]
594821,ceab_shift,594827,594829,594821,594823,0,0,0,0,0,4,2,1,0,1,1,1,[B]
594821,channel_shuffle,594827,594823,594821,594829,0,0,0,0,0,4,2,1,0,1,1,1,[B]
597671,canonical,597671,597673,597677,597679,1,0,0,1,1,4,2,1,1,1,0,1,[B]
597671,ceab_shift,597677,597679,597671,597673,0,0,0,0,0,4,2,1,0,1,1,1,[B]
597671,channel_shuffle,597677,597673,597671,597679,0,0,0,0,0,4,2,1,0,1,1,1,[B]
607301,canonical,607301,607303,607307,607309,1,0,0,1,1,4,2,1,1,1,0,1,[B]
607301,ceab_shift,607307,607309,607301,607303,0,0,0,0,0,4,2,1,0,1,1,1,[B]
607301,channel_shuffle,607307,607303,607301,607309,0,0,0,0,0,4,2,1,0,1,1,1,[B]
622241,canonical,622241,622243,622247,622249,1,0,0,1,1,4,2,1,1,1,0,1,[B]
622241,ceab_shift,622247,622249,622241,622243,0,0,0,0,0,4,2,1,0,1,1,1,[B]
622241,channel_shuffle,622247,622243,622241,622249,0,0,0,0,0,4,2,1,0,1,1,1,[B]
626621,canonical,626621,626623,626627,626629,1,0,0,1,1,4,2,1,1,1,0,1,[B]
626621,ceab_shift,626627,626629,626621,626623,0,0,0,0,0,4,2,1,0,1,1,1,[B]
626621,channel_shuffle,626627,626623,626621,626629,0,0,0,0,0,4,2,1,0,1,1,1,[B]
632081,canonical,632081,632083,632087,632089,1,0,0,1,1,4,2,1,1,1,0,1,[B]
632081,ceab_shift,632087,632089,632081,632083,0,0,0,0,0,4,2,1,0,1,1,1,[B]
632081,channel_shuffle,632087,632083,632081,632089,0,0,0,0,0,4,2,1,0,1,1,1,[B]
632321,canonical,632321,632323,632327,632329,1,0,0,1,1,4,2,1,1,1,0,1,[B]
632321,ceab_shift,632327,632329,632321,632323,0,0,0,0,0,4,2,1,0,1,1,1,[B]
632321,channel_shuffle,632327,632323,632321,632329,0,0,0,0,0,4,2,1,0,1,1,1,[B]
633461,canonical,633461,633463,633467,633469,1,0,0,1,1,4,2,1,1,1,0,1,[B]
633461,ceab_shift,633467,633469,633461,633463,0,0,0,0,0,4,2,1,0,1,1,1,[B]
633461,channel_shuffle,633467,633463,633461,633469,0,0,0,0,0,4,2,1,0,1,1,1,[B]
633791,canonical,633791,633793,633797,633799,1,0,0,1,1,4,2,1,1,1,0,1,[B]
633791,ceab_shift,633797,633799,633791,633793,0,0,0,0,0,4,2,1,0,1,1,1,[B]
633791,channel_shuffle,633797,633793,633791,633799,0,0,0,0,0,4,2,1,0,1,1,1,[B]
654161,canonical,654161,654163,654167,654169,1,0,0,1,1,4,2,1,1,1,0,1,[B]
654161,ceab_shift,654167,654169,654161,654163,0,0,0,0,0,4,2,1,0,1,1,1,[B]
654161,channel_shuffle,654167,654163,654161,654169,0,0,0,0,0,4,2,1,0,1,1,1,[B]
657491,canonical,657491,657493,657497,657499,1,0,0,1,1,4,2,1,1,1,0,1,[B]
657491,ceab_shift,657497,657499,657491,657493,0,0,0,0,0,4,2,1,0,1,1,1,[B]
657491,channel_shuffle,657497,657493,657491,657499,0,0,0,0,0,4,2,1,0,1,1,1,[B]
661091,canonical,661091,661093,661097,661099,1,0,0,1,1,4,2,1,1,1,0,1,[B]
661091,ceab_shift,661097,661099,661091,661093,0,0,0,0,0,4,2,1,0,1,1,1,[B]
661091,channel_shuffle,661097,661093,661091,661099,0,0,0,0,0,4,2,1,0,1,1,1,[B]
663581,canonical,663581,663583,663587,663589,1,0,0,1,1,4,2,1,1,1,0,1,[B]
663581,ceab_shift,663587,663589,663581,663583,0,0,0,0,0,4,2,1,0,1,1,1,[B]
663581,channel_shuffle,663587,663583,663581,663589,0,0,0,0,0,4,2,1,0,1,1,1,[B]
664661,canonical,664661,664663,664667,664669,1,0,0,1,1,4,2,1,1,1,0,1,[B]
664661,ceab_shift,664667,664669,664661,664663,0,0,0,0,0,4,2,1,0,1,1,1,[B]
664661,channel_shuffle,664667,664663,664661,664669,0,0,0,0,0,4,2,1,0,1,1,1,[B]
666431,canonical,666431,666433,666437,666439,1,0,0,1,1,4,2,1,1,1,0,1,[B]
666431,ceab_shift,666437,666439,666431,666433,0,0,0,0,0,4,2,1,0,1,1,1,[B]
666431,channel_shuffle,666437,666433,666431,666439,0,0,0,0,0,4,2,1,0,1,1,1,[B]
680291,canonical,680291,680293,680297,680299,1,0,0,1,1,4,2,1,1,1,0,1,[B]
680291,ceab_shift,680297,680299,680291,680293,0,0,0,0,0,4,2,1,0,1,1,1,[B]
680291,channel_shuffle,680297,680293,680291,680299,0,0,0,0,0,4,2,1,0,1,1,1,[B]
681251,canonical,681251,681253,681257,681259,1,0,0,1,1,4,2,1,1,1,0,1,[B]
681251,ceab_shift,681257,681259,681251,681253,0,0,0,0,0,4,2,1,0,1,1,1,[B]
681251,channel_shuffle,681257,681253,681251,681259,0,0,0,0,0,4,2,1,0,1,1,1,[B]
691721,canonical,691721,691723,691727,691729,1,0,0,1,1,4,2,1,1,1,0,1,[B]
691721,ceab_shift,691727,691729,691721,691723,0,0,0,0,0,4,2,1,0,1,1,1,[B]
691721,channel_shuffle,691727,691723,691721,691729,0,0,0,0,0,4,2,1,0,1,1,1,[B]
705161,canonical,705161,705163,705167,705169,1,0,0,1,1,4,2,1,1,1,0,1,[B]
705161,ceab_shift,705167,705169,705161,705163,0,0,0,0,0,4,2,1,0,1,1,1,[B]
705161,channel_shuffle,705167,705163,705161,705169,0,0,0,0,0,4,2,1,0,1,1,1,[B]
715151,canonical,715151,715153,715157,715159,1,0,0,1,1,4,2,1,1,1,0,1,[B]
715151,ceab_shift,715157,715159,715151,715153,0,0,0,0,0,4,2,1,0,1,1,1,[B]
715151,channel_shuffle,715157,715153,715151,715159,0,0,0,0,0,4,2,1,0,1,1,1,[B]
734471,canonical,734471,734473,734477,734479,1,0,0,1,1,4,2,1,1,1,0,1,[B]
734471,ceab_shift,734477,734479,734471,734473,0,0,0,0,0,4,2,1,0,1,1,1,[B]
734471,channel_shuffle,734477,734473,734471,734479,0,0,0,0,0,4,2,1,0,1,1,1,[B]
736361,canonical,736361,736363,736367,736369,1,0,0,1,1,4,2,1,1,1,0,1,[B]
736361,ceab_shift,736367,736369,736361,736363,0,0,0,0,0,4,2,1,0,1,1,1,[B]
736361,channel_shuffle,736367,736363,736361,736369,0,0,0,0,0,4,2,1,0,1,1,1,[B]
739391,canonical,739391,739393,739397,739399,1,0,0,1,1,4,2,1,1,1,0,1,[B]
739391,ceab_shift,739397,739399,739391,739393,0,0,0,0,0,4,2,1,0,1,1,1,[B]
739391,channel_shuffle,739397,739393,739391,739399,0,0,0,0,0,4,2,1,0,1,1,1,[B]
768191,canonical,768191,768193,768197,768199,1,0,0,1,1,4,2,1,1,1,0,1,[B]
768191,ceab_shift,768197,768199,768191,768193,0,0,0,0,0,4,2,1,0,1,1,1,[B]
768191,channel_shuffle,768197,768193,768191,768199,0,0,0,0,0,4,2,1,0,1,1,1,[B]
773021,canonical,773021,773023,773027,773029,1,0,0,1,1,4,2,1,1,1,0,1,[B]
773021,ceab_shift,773027,773029,773021,773023,0,0,0,0,0,4,2,1,0,1,1,1,[B]
773021,channel_shuffle,773027,773023,773021,773029,0,0,0,0,0,4,2,1,0,1,1,1,[B]
795791,canonical,795791,795793,795797,795799,1,0,0,1,1,4,2,1,1,1,0,1,[B]
795791,ceab_shift,795797,795799,795791,795793,0,0,0,0,0,4,2,1,0,1,1,1,[B]
795791,channel_shuffle,795797,795793,795791,795799,0,0,0,0,0,4,2,1,0,1,1,1,[B]
803441,canonical,803441,803443,803447,803449,1,0,0,1,1,4,2,1,1,1,0,1,[B]
803441,ceab_shift,803447,803449,803441,803443,0,0,0,0,0,4,2,1,0,1,1,1,[B]
803441,channel_shuffle,803447,803443,803441,803449,0,0,0,0,0,4,2,1,0,1,1,1,[B]
814061,canonical,814061,814063,814067,814069,1,0,0,1,1,4,2,1,1,1,0,1,[B]
814061,ceab_shift,814067,814069,814061,814063,0,0,0,0,0,4,2,1,0,1,1,1,[B]
814061,channel_shuffle,814067,814063,814061,814069,0,0,0,0,0,4,2,1,0,1,1,1,[B]
822161,canonical,822161,822163,822167,822169,1,0,0,1,1,4,2,1,1,1,0,1,[B]
822161,ceab_shift,822167,822169,822161,822163,0,0,0,0,0,4,2,1,0,1,1,1,[B]
822161,channel_shuffle,822167,822163,822161,822169,0,0,0,0,0,4,2,1,0,1,1,1,[B]
823721,canonical,823721,823723,823727,823729,1,0,0,1,1,4,2,1,1,1,0,1,[B]
823721,ceab_shift,823727,823729,823721,823723,0,0,0,0,0,4,2,1,0,1,1,1,[B]
823721,channel_shuffle,823727,823723,823721,823729,0,0,0,0,0,4,2,1,0,1,1,1,[B]
829721,canonical,829721,829723,829727,829729,1,0,0,1,1,4,2,1,1,1,0,1,[B]
829721,ceab_shift,829727,829729,829721,829723,0,0,0,0,0,4,2,1,0,1,1,1,[B]
829721,channel_shuffle,829727,829723,829721,829729,0,0,0,0,0,4,2,1,0,1,1,1,[B]
833711,canonical,833711,833713,833717,833719,1,0,0,1,1,4,2,1,1,1,0,1,[B]
833711,ceab_shift,833717,833719,833711,833713,0,0,0,0,0,4,2,1,0,1,1,1,[B]
833711,channel_shuffle,833717,833713,833711,833719,0,0,0,0,0,4,2,1,0,1,1,1,[B]
837071,canonical,837071,837073,837077,837079,1,0,0,1,1,4,2,1,1,1,0,1,[B]
837071,ceab_shift,837077,837079,837071,837073,0,0,0,0,0,4,2,1,0,1,1,1,[B]
837071,channel_shuffle,837077,837073,837071,837079,0,0,0,0,0,4,2,1,0,1,1,1,[B]
845981,canonical,845981,845983,845987,845989,1,0,0,1,1,4,2,1,1,1,0,1,[B]
845981,ceab_shift,845987,845989,845981,845983,0,0,0,0,0,4,2,1,0,1,1,1,[B]
845981,channel_shuffle,845987,845983,845981,845989,0,0,0,0,0,4,2,1,0,1,1,1,[B]
854921,canonical,854921,854923,854927,854929,1,0,0,1,1,4,2,1,1,1,0,1,[B]
854921,ceab_shift,854927,854929,854921,854923,0,0,0,0,0,4,2,1,0,1,1,1,[B]
854921,channel_shuffle,854927,854923,854921,854929,0,0,0,0,0,4,2,1,0,1,1,1,[B]
855731,canonical,855731,855733,855737,855739,1,0,0,1,1,4,2,1,1,1,0,1,[B]
855731,ceab_shift,855737,855739,855731,855733,0,0,0,0,0,4,2,1,0,1,1,1,[B]
855731,channel_shuffle,855737,855733,855731,855739,0,0,0,0,0,4,2,1,0,1,1,1,[B]
857951,canonical,857951,857953,857957,857959,1,0,0,1,1,4,2,1,1,1,0,1,[B]
857951,ceab_shift,857957,857959,857951,857953,0,0,0,0,0,4,2,1,0,1,1,1,[B]
857951,channel_shuffle,857957,857953,857951,857959,0,0,0,0,0,4,2,1,0,1,1,1,[B]
875261,canonical,875261,875263,875267,875269,1,0,0,1,1,4,2,1,1,1,0,1,[B]
875261,ceab_shift,875267,875269,875261,875263,0,0,0,0,0,4,2,1,0,1,1,1,[B]
875261,channel_shuffle,875267,875263,875261,875269,0,0,0,0,0,4,2,1,0,1,1,1,[B]
876011,canonical,876011,876013,876017,876019,1,0,0,1,1,4,2,1,1,1,0,1,[B]
876011,ceab_shift,876017,876019,876011,876013,0,0,0,0,0,4,2,1,0,1,1,1,[B]
876011,channel_shuffle,876017,876013,876011,876019,0,0,0,0,0,4,2,1,0,1,1,1,[B]
881471,canonical,881471,881473,881477,881479,1,0,0,1,1,4,2,1,1,1,0,1,[B]
881471,ceab_shift,881477,881479,881471,881473,0,0,0,0,0,4,2,1,0,1,1,1,[B]
881471,channel_shuffle,881477,881473,881471,881479,0,0,0,0,0,4,2,1,0,1,1,1,[B]
889871,canonical,889871,889873,889877,889879,1,0,0,1,1,4,2,1,1,1,0,1,[B]
889871,ceab_shift,889877,889879,889871,889873,0,0,0,0,0,4,2,1,0,1,1,1,[B]
889871,channel_shuffle,889877,889873,889871,889879,0,0,0,0,0,4,2,1,0,1,1,1,[B]
907391,canonical,907391,907393,907397,907399,1,0,0,1,1,4,2,1,1,1,0,1,[B]
907391,ceab_shift,907397,907399,907391,907393,0,0,0,0,0,4,2,1,0,1,1,1,[B]
907391,channel_shuffle,907397,907393,907391,907399,0,0,0,0,0,4,2,1,0,1,1,1,[B]
930071,canonical,930071,930073,930077,930079,1,0,0,1,1,4,2,1,1,1,0,1,[B]
930071,ceab_shift,930077,930079,930071,930073,0,0,0,0,0,4,2,1,0,1,1,1,[B]
930071,channel_shuffle,930077,930073,930071,930079,0,0,0,0,0,4,2,1,0,1,1,1,[B]
938051,canonical,938051,938053,938057,938059,1,0,0,1,1,4,2,1,1,1,0,1,[B]
938051,ceab_shift,938057,938059,938051,938053,0,0,0,0,0,4,2,1,0,1,1,1,[B]
938051,channel_shuffle,938057,938053,938051,938059,0,0,0,0,0,4,2,1,0,1,1,1,[B]
946661,canonical,946661,946663,946667,946669,1,0,0,1,1,4,2,1,1,1,0,1,[B]
946661,ceab_shift,946667,946669,946661,946663,0,0,0,0,0,4,2,1,0,1,1,1,[B]
946661,channel_shuffle,946667,946663,946661,946669,0,0,0,0,0,4,2,1,0,1,1,1,[B]
954971,canonical,954971,954973,954977,954979,1,0,0,1,1,4,2,1,1,1,0,1,[B]
954971,ceab_shift,954977,954979,954971,954973,0,0,0,0,0,4,2,1,0,1,1,1,[B]
954971,channel_shuffle,954977,954973,954971,954979,0,0,0,0,0,4,2,1,0,1,1,1,[B]
958541,canonical,958541,958543,958547,958549,1,0,0,1,1,4,2,1,1,1,0,1,[B]
958541,ceab_shift,958547,958549,958541,958543,0,0,0,0,0,4,2,1,0,1,1,1,[B]
958541,channel_shuffle,958547,958543,958541,958549,0,0,0,0,0,4,2,1,0,1,1,1,[B]
959471,canonical,959471,959473,959477,959479,1,0,0,1,1,4,2,1,1,1,0,1,[B]
959471,ceab_shift,959477,959479,959471,959473,0,0,0,0,0,4,2,1,0,1,1,1,[B]
959471,channel_shuffle,959477,959473,959471,959479,0,0,0,0,0,4,2,1,0,1,1,1,[B]
976301,canonical,976301,976303,976307,976309,1,0,0,1,1,4,2,1,1,1,0,1,[B]
976301,ceab_shift,976307,976309,976301,976303,0,0,0,0,0,4,2,1,0,1,1,1,[B]
976301,channel_shuffle,976307,976303,976301,976309,0,0,0,0,0,4,2,1,0,1,1,1,[B]
978071,canonical,978071,978073,978077,978079,1,0,0,1,1,4,2,1,1,1,0,1,[B]
978071,ceab_shift,978077,978079,978071,978073,0,0,0,0,0,4,2,1,0,1,1,1,[B]
978071,channel_shuffle,978077,978073,978071,978079,0,0,0,0,0,4,2,1,0,1,1,1,[B]
983441,canonical,983441,983443,983447,983449,1,0,0,1,1,4,2,1,1,1,0,1,[B]
983441,ceab_shift,983447,983449,983441,983443,0,0,0,0,0,4,2,1,0,1,1,1,[B]
983441,channel_shuffle,983447,983443,983441,983449,0,0,0,0,0,4,2,1,0,1,1,1,[B]
